production_id,machine_id,product_id,production_datetime,shift,planned_units,produced_units,defective_units
PR00001,M005,P009,2025-10-15 17:30:00,B,898,756,45
PR00002,M014,P010,2025-02-16 01:00:00,A,456,415,20
PR00003,M004,P011,2025-07-17 12:45:00,C,841,603,26
PR00004,M001,P012,2025-05-17 20:30:00,C,414,314,4
PR00005,M020,P004,2025-05-15 16:15:00,A,819,879,35
PR00006,M012,P015,2025-07-11 05:00:00,B,913,742,5
PR00007,M018,P013,2025-05-03 01:15:00,A,880,968,9
PR00008,M020,P007,2025-03-07 21:45:00,A,862,693,24
PR00009,M015,P002,2025-10-04 23:15:00,A,619,519,28
PR00010,M008,P001,2025-04-26 02:30:00,A,321,269,5
PR00011,M009,P011,2025-12-29 20:00:00,B,534,428,14
PR00012,M016,P013,2025-04-20 17:15:00,B,884,826,15
PR00013,M004,P001,2025-04-08 03:00:00,B,974,818,37
PR00014,M014,P003,2025-06-23 03:15:00,B,496,409,12
PR00015,M018,P014,2025-08-25 07:00:00,A,753,771,32
PR00016,M013,P015,2025-02-17 07:15:00,A,716,628,11
PR00017,M018,P011,2025-03-26 12:00:00,C,699,578,16
PR00018,M018,P001,2025-09-07 04:15:00,C,603,444,4
PR00019,M017,P002,2025-06-10 01:00:00,A,898,838,7
PR00020,M019,P004,2025-02-05 19:00:00,C,991,1000,27
PR00021,M011,P004,2025-11-01 01:00:00,B,729,669,13
PR00022,M003,P001,2025-07-22 04:30:00,B,768,628,29
PR00023,M003,P015,2025-11-15 18:00:00,A,375,324,8
PR00024,M020,P013,2025-07-09 09:15:00,C,748,762,33
PR00025,M018,P003,2025-09-28 00:30:00,B,979,761,41
PR00026,M009,P009,2025-05-25 19:15:00,B,651,497,20
PR00027,M009,P003,2025-05-09 01:00:00,C,949,827,39
PR00028,M005,P009,2025-08-15 17:45:00,A,874,635,6
PR00029,M002,P015,2025-07-09 18:15:00,B,740,540,26
PR00030,M014,P010,2025-04-18 21:15:00,C,982,813,39
PR00031,M014,P013,2025-03-21 07:15:00,C,481,555,13
PR00032,M016,P004,2025-05-08 08:15:00,A,410,361,3
PR00033,M003,P013,2025-08-24 11:30:00,B,533,408,8
PR00034,M001,P002,2025-06-29 20:45:00,B,995,1038,36
PR00035,M020,P009,2025-04-02 18:30:00,A,339,205,5
PR00036,M017,P015,2025-07-17 18:15:00,C,560,435,13
PR00037,M004,P012,2025-12-18 23:15:00,B,672,663,26
PR00038,M005,P004,2025-09-17 09:45:00,B,634,523,11
PR00039,M007,P007,2025-12-07 12:15:00,C,930,805,17
PR00040,M017,P008,2025-11-07 20:30:00,C,776,719,30
PR00041,M008,P011,2025-03-28 21:00:00,B,590,513,26
PR00042,M020,P014,2025-04-26 06:15:00,A,325,216,13
PR00043,M004,P013,2025-08-22 13:15:00,B,693,624,3
PR00044,M004,P008,2025-04-23 05:45:00,A,351,374,21
PR00045,M018,P008,2025-08-26 21:30:00,A,753,700,35
PR00046,M017,P008,2025-09-01 14:30:00,C,553,525,11
PR00047,M003,P003,2025-05-03 08:45:00,A,379,373,20
PR00048,M018,P008,2025-04-29 12:15:00,B,519,417,11
PR00049,M019,P007,2025-02-01 06:45:00,B,698,683,36
PR00050,M014,P009,2025-01-04 11:30:00,C,699,691,40
PR00051,M013,P012,2025-10-07 19:15:00,A,799,631,15
PR00052,M003,P011,2025-08-28 04:00:00,B,703,659,27
PR00053,M013,P005,2025-03-11 14:15:00,B,351,268,6
PR00054,M012,P004,2025-05-10 02:45:00,C,319,350,3
PR00055,M005,P008,2025-02-05 20:00:00,C,331,354,5
PR00056,M006,P010,2025-02-28 18:15:00,C,776,761,36
PR00057,M013,P007,2025-02-28 05:30:00,C,410,422,23
PR00058,M020,P013,2025-04-12 02:15:00,A,404,372,8
PR00059,M014,P014,2025-10-17 01:30:00,B,845,710,17
PR00060,M005,P007,2025-02-24 13:30:00,A,950,1019,31
PR00061,M019,P005,2025-09-25 20:30:00,B,930,901,26
PR00062,M020,P011,2025-05-06 02:30:00,B,761,605,18
PR00063,M020,P012,2025-06-22 00:45:00,B,632,511,12
PR00064,M018,P013,2025-10-12 00:15:00,A,387,373,10
PR00065,M010,P011,2025-12-20 15:45:00,C,758,783,34
PR00066,M012,P012,2025-07-08 15:30:00,B,735,807,28
PR00067,M006,P004,2025-05-19 09:30:00,A,536,415,14
PR00068,M012,P003,2025-09-05 08:30:00,B,402,426,9
PR00069,M016,P002,2025-01-08 22:15:00,A,580,455,26
PR00070,M002,P005,2025-10-21 09:45:00,B,790,704,11
PR00071,M019,P005,2025-02-28 02:45:00,A,803,592,8
PR00072,M017,P007,2025-05-08 03:45:00,B,920,851,33
PR00073,M007,P011,2025-08-15 09:45:00,A,612,648,7
PR00074,M006,P001,2025-05-16 21:00:00,B,460,404,14
PR00075,M003,P011,2025-08-19 22:45:00,A,598,431,23
PR00076,M005,P015,2025-05-16 20:15:00,B,735,587,10
PR00077,M015,P002,2025-03-14 02:00:00,B,469,418,23
PR00078,M003,P010,2025-12-19 09:45:00,A,578,484,16
PR00079,M019,P010,2025-08-10 23:30:00,A,918,819,42
PR00080,M009,P003,2025-12-11 08:00:00,C,479,475,19
PR00081,M006,P006,2025-08-12 20:45:00,B,393,324,3
PR00082,M018,P001,2025-12-22 15:30:00,B,978,1054,52
PR00083,M001,P011,2025-02-15 10:30:00,C,631,491,25
PR00084,M016,P011,2025-08-25 13:00:00,B,492,377,15
PR00085,M001,P011,2025-01-27 06:30:00,C,862,644,20
PR00086,M003,P004,2025-05-03 22:15:00,A,618,638,23
PR00087,M016,P008,2025-08-25 03:15:00,A,810,841,23
PR00088,M005,P014,2025-08-22 17:15:00,A,692,599,23
PR00089,M019,P011,2025-05-22 13:30:00,B,819,725,37
PR00090,M013,P008,2025-03-18 14:45:00,B,653,549,26
PR00091,M016,P012,2025-04-07 22:15:00,B,885,781,18
PR00092,M019,P006,2025-07-17 21:15:00,A,807,833,10
PR00093,M016,P013,2025-08-14 03:45:00,B,315,266,4
PR00094,M018,P007,2025-06-23 19:45:00,B,965,750,17
PR00095,M008,P012,2025-11-17 22:45:00,A,854,671,37
PR00096,M001,P001,2025-08-11 03:00:00,B,754,609,13
PR00097,M006,P003,2025-01-29 09:30:00,A,683,599,25
PR00098,M019,P003,2025-02-10 19:45:00,A,934,938,30
PR00099,M018,P003,2025-08-25 20:30:00,A,770,688,38
PR00100,M015,P014,2025-08-15 11:30:00,B,954,1021,44
PR00101,M010,P001,2025-04-12 12:45:00,C,409,288,17
PR00102,M002,P015,2025-07-22 08:00:00,C,879,887,42
PR00103,M005,P011,2025-09-12 09:15:00,A,921,933,18
PR00104,M012,P012,2025-11-18 20:00:00,A,616,641,4
PR00105,M017,P009,2025-02-16 09:30:00,B,725,597,35
PR00106,M004,P008,2025-03-26 08:45:00,A,602,627,15
PR00107,M015,P006,2025-03-14 07:45:00,C,870,742,26
PR00108,M008,P008,2025-12-11 08:45:00,A,953,1003,11
PR00109,M010,P011,2025-11-14 17:30:00,B,924,799,44
PR00110,M004,P004,2025-03-01 04:00:00,C,338,306,10
PR00111,M005,P015,2025-03-11 12:45:00,B,679,649,18
PR00112,M002,P012,2025-12-02 03:45:00,B,930,722,41
PR00113,M012,P001,2025-04-22 14:45:00,B,541,599,21
PR00114,M020,P001,2025-05-22 06:00:00,A,765,607,10
PR00115,M008,P006,2025-06-20 07:15:00,A,878,718,27
PR00116,M006,P002,2025-11-02 00:30:00,C,448,443,15
PR00117,M002,P003,2025-01-14 04:00:00,C,666,671,10
PR00118,M017,P010,2025-08-04 16:00:00,A,365,356,17
PR00119,M015,P011,2025-08-20 16:15:00,A,929,698,24
PR00120,M015,P002,2025-02-01 15:45:00,A,736,643,21
PR00121,M013,P010,2025-06-14 19:15:00,C,367,248,11
PR00122,M018,P012,2025-05-31 14:45:00,A,401,371,4
PR00123,M014,P006,2025-08-09 14:15:00,C,723,574,6
PR00124,M003,P007,2025-05-11 11:15:00,A,785,595,30
PR00125,M014,P014,2025-07-10 04:00:00,C,900,910,25
PR00126,M005,P011,2025-01-27 09:30:00,B,660,480,16
PR00127,M018,P013,2025-04-25 03:30:00,C,869,744,37
PR00128,M009,P001,2025-11-11 21:00:00,A,923,928,47
PR00129,M003,P003,2025-05-20 22:30:00,C,647,556,23
PR00130,M011,P003,2025-11-21 00:00:00,B,843,690,19
PR00131,M002,P011,2025-06-09 23:30:00,A,881,839,39
PR00132,M007,P013,2025-05-20 14:45:00,C,797,734,20
PR00133,M002,P004,2025-02-28 11:45:00,B,413,322,13
PR00134,M005,P013,2025-11-03 01:00:00,B,509,385,6
PR00135,M008,P009,2025-05-29 10:00:00,C,307,259,9
PR00136,M001,P008,2025-12-09 11:00:00,A,706,735,5
PR00137,M011,P003,2025-06-10 18:45:00,C,887,749,20
PR00138,M014,P010,2025-08-24 22:30:00,B,390,320,3
PR00139,M004,P009,2025-09-26 02:45:00,C,617,621,6
PR00140,M005,P005,2025-04-10 11:30:00,A,960,1033,19
PR00141,M019,P013,2025-03-30 19:15:00,C,971,772,24
PR00142,M016,P008,2025-08-18 21:30:00,C,942,771,23
PR00143,M010,P002,2025-06-05 08:00:00,C,660,582,5
PR00144,M002,P008,2025-02-16 19:45:00,C,773,754,43
PR00145,M011,P012,2025-11-30 06:30:00,A,919,826,9
PR00146,M015,P009,2025-09-16 20:15:00,C,340,285,8
PR00147,M002,P013,2025-11-09 05:30:00,C,681,669,28
PR00148,M010,P005,2025-11-28 10:00:00,C,637,520,22
PR00149,M013,P003,2025-12-03 19:15:00,C,641,440,10
PR00150,M005,P011,2025-12-29 02:30:00,C,872,679,33
PR00151,M007,P006,2025-12-17 16:00:00,B,961,917,20
PR00152,M004,P009,2025-04-09 07:15:00,C,458,342,18
PR00153,M020,P013,2025-09-27 01:30:00,A,932,700,36
PR00154,M015,P010,2025-08-13 01:45:00,B,673,663,12
PR00155,M019,P008,2025-08-18 07:15:00,B,616,674,11
PR00156,M005,P014,2025-05-25 12:45:00,B,465,398,20
PR00157,M010,P002,2025-01-27 20:45:00,A,680,679,35
PR00158,M015,P015,2025-05-20 14:15:00,B,747,603,33
PR00159,M001,P006,2025-01-14 13:00:00,A,705,645,17
PR00160,M016,P012,2025-11-29 10:15:00,A,440,435,24
PR00161,M018,P012,2025-12-28 15:45:00,C,930,695,35
PR00162,M008,P007,2025-09-28 13:00:00,C,595,492,6
PR00163,M019,P004,2025-11-15 14:00:00,C,413,378,15
PR00164,M014,P003,2025-03-15 09:45:00,C,301,283,5
PR00165,M001,P007,2025-12-09 02:30:00,B,369,333,11
PR00166,M003,P006,2025-01-23 20:45:00,A,682,536,3
PR00167,M006,P014,2025-12-03 20:00:00,C,895,876,31
PR00168,M015,P001,2025-08-26 22:45:00,B,946,752,9
PR00169,M016,P005,2025-04-14 01:15:00,A,342,272,14
PR00170,M011,P005,2025-11-28 06:30:00,A,665,718,5
PR00171,M016,P006,2025-07-08 13:45:00,C,750,710,23
PR00172,M006,P009,2025-05-17 02:45:00,B,380,394,24
PR00173,M015,P006,2025-06-14 03:00:00,B,635,592,17
PR00174,M002,P002,2025-01-22 23:30:00,C,929,1047,21
PR00175,M020,P011,2025-11-23 12:30:00,B,825,795,10
PR00176,M013,P010,2025-01-18 04:00:00,A,541,463,12
PR00177,M013,P006,2025-11-06 04:45:00,C,679,584,20
PR00178,M013,P015,2025-05-23 07:00:00,C,326,275,9
PR00179,M007,P002,2025-03-02 08:30:00,A,756,562,34
PR00180,M011,P011,2025-02-07 14:15:00,B,755,780,39
PR00181,M012,P009,2025-12-30 02:30:00,A,607,604,24
PR00182,M018,P010,2025-03-04 06:15:00,B,542,467,3
PR00183,M016,P009,2025-08-28 17:15:00,B,926,994,44
PR00184,M015,P008,2025-07-29 18:00:00,C,428,472,19
PR00185,M002,P014,2025-09-22 11:15:00,A,864,859,25
PR00186,M008,P006,2025-09-23 04:30:00,C,468,447,25
PR00187,M018,P002,2025-05-26 02:30:00,C,501,458,10
PR00188,M020,P006,2025-11-25 05:15:00,C,475,449,20
PR00189,M019,P007,2025-01-22 00:00:00,C,346,371,6
PR00190,M010,P008,2025-11-24 00:45:00,A,942,836,34
PR00191,M007,P006,2025-12-17 12:30:00,C,764,605,19
PR00192,M012,P009,2025-03-15 10:30:00,C,653,713,9
PR00193,M013,P014,2025-02-24 10:15:00,C,777,575,4
PR00194,M007,P013,2025-08-03 07:15:00,A,635,677,30
PR00195,M015,P004,2025-09-13 16:45:00,A,810,824,22
PR00196,M016,P005,2025-10-26 11:00:00,C,351,289,11
PR00197,M013,P001,2025-01-05 03:45:00,C,437,445,11
PR00198,M015,P013,2025-10-15 06:30:00,C,866,655,17
PR00199,M012,P013,2025-05-24 19:00:00,A,431,413,10
PR00200,M011,P013,2025-04-12 19:45:00,B,812,635,5
PR00201,M013,P010,2025-09-23 14:15:00,C,920,1010,23
PR00202,M019,P005,2025-06-03 18:30:00,B,819,896,31
PR00203,M001,P010,2025-01-09 11:30:00,B,989,725,39
PR00204,M020,P013,2025-05-16 20:15:00,B,352,342,5
PR00205,M014,P003,2025-03-17 21:15:00,B,332,301,9
PR00206,M002,P012,2025-12-20 06:45:00,A,813,790,44
PR00207,M018,P006,2025-09-23 06:30:00,C,978,810,25
PR00208,M009,P009,2025-07-01 21:30:00,B,924,888,51
PR00209,M009,P005,2025-04-26 09:30:00,A,512,456,16
PR00210,M005,P005,2025-10-21 21:45:00,A,704,717,41
PR00211,M018,P005,2025-05-28 22:00:00,C,654,656,11
PR00212,M008,P001,2025-12-23 08:15:00,C,411,339,13
PR00213,M005,P001,2025-09-29 07:15:00,C,353,248,11
PR00214,M010,P006,2025-03-22 13:45:00,B,788,787,37
PR00215,M006,P007,2025-11-27 01:00:00,A,967,841,48
PR00216,M010,P015,2025-01-19 12:45:00,A,490,506,29
PR00217,M005,P014,2025-01-05 09:00:00,C,643,573,18
PR00218,M009,P012,2025-08-28 08:15:00,A,415,345,16
PR00219,M013,P014,2025-01-08 23:30:00,B,602,557,29
PR00220,M005,P008,2025-09-21 10:00:00,B,710,661,10
PR00221,M019,P001,2025-05-08 00:30:00,B,692,559,12
PR00222,M006,P007,2025-12-01 11:15:00,C,363,262,8
PR00223,M005,P008,2025-09-15 22:30:00,A,420,430,7
PR00224,M018,P013,2025-08-21 23:30:00,C,725,693,38
PR00225,M002,P014,2025-04-22 07:00:00,C,838,734,26
PR00226,M004,P011,2025-09-16 06:15:00,A,468,379,13
PR00227,M019,P001,2025-10-26 15:00:00,C,822,741,21
PR00228,M007,P010,2025-08-25 21:30:00,A,322,284,14
PR00229,M016,P001,2025-01-24 13:30:00,B,365,403,24
PR00230,M014,P006,2025-07-29 05:15:00,B,956,1052,43
PR00231,M012,P002,2025-08-18 12:45:00,A,382,346,14
PR00232,M010,P008,2025-10-03 12:15:00,C,528,502,23
PR00233,M004,P001,2025-10-06 13:45:00,C,535,417,24
PR00234,M002,P008,2025-08-03 19:00:00,C,546,457,5
PR00235,M002,P003,2025-12-11 22:00:00,C,550,522,9
PR00236,M011,P004,2025-05-29 07:30:00,B,891,848,36
PR00237,M006,P011,2025-03-15 21:15:00,C,723,678,36
PR00238,M013,P013,2025-08-07 17:45:00,C,348,404,23
PR00239,M008,P005,2025-06-13 22:45:00,C,718,514,16
PR00240,M017,P003,2025-03-15 14:00:00,B,875,801,22
PR00241,M007,P001,2025-05-05 08:15:00,B,638,668,7
PR00242,M018,P004,2025-07-13 21:00:00,B,374,263,12
PR00243,M016,P015,2025-04-17 10:30:00,A,315,272,13
PR00244,M010,P007,2025-12-23 19:15:00,B,706,794,28
PR00245,M016,P013,2025-10-01 20:30:00,B,615,460,5
PR00246,M005,P001,2025-04-15 11:30:00,B,723,529,28
PR00247,M016,P009,2025-10-11 18:45:00,C,602,450,23
PR00248,M016,P008,2025-12-17 10:30:00,A,800,884,36
PR00249,M002,P009,2025-06-30 05:15:00,A,859,807,33
PR00250,M008,P002,2025-02-08 21:00:00,C,306,244,13
PR00251,M016,P011,2025-03-19 00:15:00,B,817,769,43
PR00252,M018,P005,2025-01-09 00:45:00,A,312,245,11
PR00253,M017,P005,2025-09-15 22:45:00,B,483,383,6
PR00254,M008,P012,2025-05-17 12:00:00,A,682,738,22
PR00255,M013,P009,2025-06-03 21:00:00,B,969,1038,28
PR00256,M011,P010,2025-01-29 20:00:00,A,475,349,18
PR00257,M003,P011,2025-09-28 01:15:00,B,516,523,10
PR00258,M007,P010,2025-10-06 18:00:00,A,483,467,10
PR00259,M018,P006,2025-12-31 12:00:00,B,606,476,13
PR00260,M004,P007,2025-03-13 22:00:00,A,812,869,21
PR00261,M012,P009,2025-02-08 10:45:00,B,634,447,14
PR00262,M008,P012,2025-08-10 05:45:00,A,387,495,11
PR00263,M004,P002,2025-02-12 08:15:00,A,689,634,14
PR00264,M014,P008,2025-06-07 14:30:00,C,576,393,4
PR00265,M011,P014,2025-10-12 16:45:00,B,405,286,11
PR00266,M018,P015,2025-01-07 09:45:00,A,697,710,32
PR00267,M006,P007,2025-10-20 16:15:00,B,689,535,7
PR00268,M016,P010,2025-08-04 09:45:00,C,378,349,20
PR00269,M011,P008,2025-04-11 14:00:00,B,438,393,15
PR00270,M007,P008,2025-08-09 20:15:00,B,607,497,28
PR00271,M011,P007,2025-04-01 12:30:00,B,598,527,25
PR00272,M006,P011,2025-07-21 11:00:00,C,877,627,38
PR00273,M014,P011,2025-01-14 23:45:00,B,514,437,22
PR00274,M014,P013,2025-03-13 20:30:00,B,547,496,7
PR00275,M018,P001,2025-02-07 14:45:00,B,896,696,30
PR00276,M012,P003,2025-12-26 17:00:00,C,411,406,17
PR00277,M017,P012,2025-11-10 01:45:00,C,639,678,13
PR00278,M019,P012,2025-10-13 18:15:00,C,756,648,20
PR00279,M005,P006,2025-03-19 11:00:00,B,794,524,6
PR00280,M015,P012,2025-06-25 14:15:00,C,833,790,25
PR00281,M004,P011,2025-08-20 10:00:00,A,607,445,11
PR00282,M015,P004,2025-05-05 16:15:00,B,865,665,24
PR00283,M015,P010,2025-11-19 05:15:00,B,955,868,46
PR00284,M003,P010,2025-07-19 00:15:00,A,510,453,20
PR00285,M011,P010,2025-10-02 05:30:00,B,633,540,17
PR00286,M006,P014,2025-11-09 12:00:00,C,656,590,18
PR00287,M005,P009,2025-12-28 09:00:00,B,988,781,12
PR00288,M018,P012,2025-08-03 19:15:00,C,888,782,12
PR00289,M012,P001,2025-03-30 17:15:00,B,801,686,27
PR00290,M016,P007,2025-03-11 06:45:00,C,875,851,27
PR00291,M008,P009,2025-08-16 15:15:00,B,384,362,2
PR00292,M009,P013,2025-03-28 14:45:00,C,862,755,28
PR00293,M008,P005,2025-07-07 17:00:00,A,751,705,36
PR00294,M008,P004,2025-08-19 08:30:00,C,389,341,20
PR00295,M007,P013,2025-10-29 22:30:00,A,924,885,14
PR00296,M010,P005,2025-10-19 11:30:00,C,911,849,19
PR00297,M005,P012,2025-05-17 16:00:00,A,438,485,29
PR00298,M016,P003,2025-05-08 04:30:00,C,553,473,20
PR00299,M017,P012,2025-11-20 08:45:00,B,684,556,6
PR00300,M003,P012,2025-12-22 11:45:00,B,799,616,3
PR00301,M016,P005,2025-11-22 21:30:00,B,364,293,15
PR00302,M002,P001,2025-05-26 10:15:00,A,879,958,46
PR00303,M014,P004,2025-11-17 14:00:00,C,427,471,28
PR00304,M003,P011,2025-03-09 20:30:00,B,462,510,27
PR00305,M008,P007,2025-05-09 02:30:00,C,980,1042,23
PR00306,M019,P004,2025-02-16 22:00:00,C,301,270,3
PR00307,M005,P008,2025-12-15 14:00:00,A,308,342,10
PR00308,M010,P003,2025-04-28 12:00:00,B,404,211,5
PR00309,M007,P011,2025-03-10 20:15:00,C,370,388,11
PR00310,M004,P010,2025-03-19 13:45:00,C,522,395,4
PR00311,M020,P010,2025-07-16 11:45:00,C,622,626,12
PR00312,M020,P009,2025-11-08 09:00:00,A,974,1059,17
PR00313,M017,P015,2025-07-20 09:00:00,A,545,521,20
PR00314,M012,P009,2025-07-04 10:15:00,C,696,744,27
PR00315,M013,P009,2025-03-30 15:00:00,B,317,320,18
PR00316,M018,P009,2025-11-18 22:45:00,C,733,715,7
PR00317,M011,P007,2025-03-20 08:00:00,C,617,545,7
PR00318,M008,P001,2025-11-21 20:00:00,A,617,554,25
PR00319,M006,P002,2025-02-14 13:00:00,A,764,767,32
PR00320,M017,P013,2025-12-29 04:00:00,C,467,437,11
PR00321,M001,P006,2025-05-13 05:30:00,B,429,465,5
PR00322,M003,P008,2025-05-20 16:00:00,B,569,515,19
PR00323,M019,P011,2025-09-19 11:00:00,C,811,845,40
PR00324,M002,P008,2025-03-01 07:00:00,B,345,373,2
PR00325,M011,P004,2025-07-16 04:15:00,B,336,358,10
PR00326,M002,P003,2025-06-13 08:00:00,A,885,726,24
PR00327,M003,P009,2025-09-22 01:45:00,B,370,423,9
PR00328,M020,P004,2025-01-05 11:15:00,B,598,507,11
PR00329,M014,P001,2025-07-08 18:45:00,A,500,432,6
PR00330,M010,P002,2025-10-05 11:00:00,A,643,445,18
PR00331,M002,P015,2025-09-29 07:45:00,A,803,875,18
PR00332,M004,P009,2025-09-24 13:30:00,A,769,820,8
PR00333,M009,P014,2025-11-23 12:00:00,B,906,755,14
PR00334,M007,P003,2025-07-21 22:30:00,C,625,588,10
PR00335,M007,P008,2025-02-25 04:00:00,B,468,406,10
PR00336,M020,P001,2025-08-26 08:00:00,A,392,321,14
PR00337,M006,P001,2025-06-17 04:00:00,B,554,583,12
PR00338,M005,P002,2025-08-20 17:15:00,A,396,358,18
PR00339,M019,P010,2025-02-01 07:15:00,B,502,476,19
PR00340,M005,P002,2025-02-08 00:00:00,B,502,560,16
PR00341,M001,P007,2025-03-04 01:45:00,C,351,216,6
PR00342,M015,P015,2025-08-07 05:30:00,A,519,514,10
PR00343,M009,P007,2025-01-18 19:15:00,A,962,757,6
PR00344,M001,P007,2025-08-03 06:15:00,C,945,1042,36
PR00345,M011,P010,2025-07-03 15:45:00,A,652,649,10
PR00346,M008,P003,2025-01-16 08:00:00,A,783,712,34
PR00347,M008,P010,2025-05-07 21:15:00,B,572,536,25
PR00348,M012,P015,2025-07-01 05:15:00,C,542,451,22
PR00349,M016,P009,2025-01-15 22:30:00,B,881,792,47
PR00350,M001,P009,2025-03-31 15:00:00,B,392,281,11
PR00351,M002,P001,2025-01-01 10:15:00,A,433,393,21
PR00352,M003,P006,2025-10-28 22:15:00,C,413,480,25
PR00353,M016,P011,2025-12-06 12:00:00,B,644,547,31
PR00354,M013,P005,2025-03-31 22:30:00,C,528,522,26
PR00355,M019,P001,2025-12-19 09:15:00,A,481,553,15
PR00356,M005,P006,2025-11-05 10:15:00,C,954,854,48
PR00357,M011,P008,2025-02-09 07:30:00,A,627,501,22
PR00358,M001,P001,2025-05-16 06:15:00,B,369,302,15
PR00359,M004,P014,2025-08-13 23:45:00,B,470,454,16
PR00360,M002,P005,2025-10-23 20:15:00,A,466,413,20
PR00361,M003,P006,2025-06-13 08:00:00,C,375,332,3
PR00362,M014,P003,2025-11-11 15:00:00,A,741,772,11
PR00363,M010,P005,2025-02-21 10:15:00,A,494,353,12
PR00364,M002,P006,2025-02-19 01:45:00,A,885,786,25
PR00365,M010,P002,2025-08-07 02:30:00,B,977,908,15
PR00366,M003,P011,2025-03-01 09:45:00,C,782,703,29
PR00367,M008,P014,2025-07-18 05:30:00,B,690,563,17
PR00368,M018,P007,2025-10-16 01:15:00,C,983,751,31
PR00369,M016,P010,2025-04-27 17:00:00,A,696,668,35
PR00370,M017,P010,2025-09-01 09:00:00,C,704,757,34
PR00371,M007,P013,2025-10-20 21:15:00,A,423,368,5
PR00372,M005,P014,2025-03-06 01:45:00,C,380,436,13
PR00373,M015,P015,2025-05-13 10:00:00,A,389,310,6
PR00374,M019,P010,2025-12-25 19:45:00,A,415,379,5
PR00375,M016,P010,2025-02-24 18:00:00,C,592,663,13
PR00376,M013,P001,2025-08-31 01:15:00,B,582,454,18
PR00377,M010,P005,2025-06-19 22:15:00,B,350,412,3
PR00378,M015,P013,2025-09-09 22:00:00,B,533,374,22
PR00379,M016,P013,2025-05-18 23:45:00,C,919,884,44
PR00380,M005,P013,2025-07-11 01:15:00,C,367,328,11
PR00381,M002,P015,2025-10-19 00:15:00,B,497,518,4
PR00382,M004,P011,2025-12-27 06:30:00,A,677,700,23
PR00383,M012,P003,2025-05-04 11:45:00,B,908,838,30
PR00384,M019,P013,2025-12-19 02:30:00,A,328,272,4
PR00385,M001,P008,2025-04-24 20:15:00,A,993,765,40
PR00386,M010,P012,2025-11-28 05:00:00,C,529,395,19
PR00387,M017,P014,2025-11-26 08:45:00,C,685,679,15
PR00388,M012,P009,2025-07-23 18:00:00,C,307,284,12
PR00389,M011,P014,2025-11-01 19:30:00,B,605,553,11
PR00390,M002,P013,2025-05-14 20:30:00,C,492,384,18
PR00391,M014,P007,2025-07-26 21:30:00,B,997,809,17
PR00392,M018,P011,2025-01-19 18:15:00,B,651,646,11
PR00393,M005,P012,2025-12-10 11:30:00,B,474,501,5
PR00394,M010,P007,2025-10-14 05:30:00,B,970,714,18
PR00395,M020,P002,2025-07-10 08:30:00,B,774,725,27
PR00396,M002,P014,2025-04-10 16:00:00,A,997,868,19
PR00397,M006,P013,2025-03-12 06:30:00,A,719,854,11
PR00398,M009,P004,2025-09-07 10:15:00,A,620,524,3
PR00399,M016,P007,2025-10-23 05:45:00,A,390,265,8
PR00400,M017,P004,2025-01-20 17:15:00,A,682,739,40
PR00401,M019,P005,2025-12-13 00:15:00,A,531,505,13
PR00402,M017,P006,2025-02-03 01:30:00,B,597,543,18
PR00403,M013,P001,2025-12-18 04:30:00,A,801,712,40
PR00404,M006,P002,2025-04-25 23:15:00,B,516,587,22
PR00405,M002,P011,2025-12-31 20:00:00,A,684,707,5
PR00406,M018,P005,2025-12-01 00:00:00,B,418,407,11
PR00407,M020,P010,2025-12-26 04:15:00,C,945,669,22
PR00408,M004,P013,2025-03-12 13:00:00,A,823,813,9
PR00409,M006,P001,2025-09-12 06:15:00,C,569,612,17
PR00410,M003,P015,2025-09-12 06:45:00,A,638,508,3
PR00411,M009,P011,2025-10-21 21:45:00,A,452,482,22
PR00412,M002,P014,2025-08-22 09:30:00,B,775,558,28
PR00413,M005,P011,2025-07-04 21:30:00,C,736,774,6
PR00414,M003,P006,2025-03-29 10:30:00,B,748,829,16
PR00415,M014,P011,2025-04-04 03:45:00,A,709,751,39
PR00416,M016,P013,2025-02-27 04:00:00,C,463,385,21
PR00417,M005,P008,2025-12-14 14:15:00,B,925,787,34
PR00418,M001,P012,2025-02-27 13:45:00,C,347,264,11
PR00419,M014,P011,2025-09-26 23:15:00,C,985,966,38
PR00420,M018,P015,2025-05-08 15:30:00,C,979,937,25
PR00421,M016,P006,2025-01-28 00:15:00,A,817,880,8
PR00422,M013,P014,2025-06-19 08:00:00,A,819,599,24
PR00423,M016,P012,2025-02-10 14:45:00,C,886,804,9
PR00424,M003,P013,2025-01-10 03:45:00,C,722,499,18
PR00425,M002,P014,2025-11-13 20:30:00,A,820,735,17
PR00426,M004,P013,2025-08-21 10:45:00,C,972,795,24
PR00427,M004,P001,2025-04-24 00:30:00,A,663,704,24
PR00428,M004,P015,2025-09-10 04:45:00,B,409,325,5
PR00429,M019,P002,2025-04-21 14:15:00,B,646,421,21
PR00430,M018,P015,2025-08-23 21:15:00,B,810,625,28
PR00431,M020,P015,2025-10-27 15:15:00,B,892,705,29
PR00432,M009,P007,2025-09-16 12:45:00,B,923,954,45
PR00433,M018,P014,2025-05-31 14:15:00,B,441,365,8
PR00434,M012,P015,2025-12-31 23:15:00,C,505,346,15
PR00435,M018,P008,2025-03-09 22:15:00,C,815,710,33
PR00436,M010,P015,2025-10-20 21:45:00,B,990,938,48
PR00437,M006,P005,2025-01-07 16:00:00,C,325,290,6
PR00438,M012,P014,2025-05-09 04:00:00,B,602,482,17
PR00439,M010,P012,2025-02-22 19:15:00,C,962,892,44
PR00440,M011,P009,2025-01-25 12:45:00,A,726,834,49
PR00441,M012,P013,2025-01-07 23:30:00,C,507,492,25
PR00442,M003,P003,2025-10-07 23:15:00,A,498,342,5
PR00443,M009,P001,2025-09-21 03:45:00,B,341,281,10
PR00444,M002,P013,2025-08-27 22:15:00,C,340,257,6
PR00445,M017,P004,2025-11-12 21:30:00,A,802,793,35
PR00446,M012,P004,2025-09-24 02:15:00,A,725,660,18
PR00447,M018,P014,2025-12-06 10:30:00,C,669,599,19
PR00448,M020,P004,2025-01-05 03:30:00,A,756,595,24
PR00449,M012,P009,2025-12-16 10:45:00,C,416,330,18
PR00450,M017,P002,2025-08-17 15:00:00,A,603,622,10
PR00451,M014,P014,2025-03-27 17:00:00,A,941,671,35
PR00452,M005,P001,2025-04-16 17:45:00,B,962,923,8
PR00453,M008,P015,2025-06-19 01:00:00,B,375,290,11
PR00454,M013,P011,2025-07-28 12:45:00,A,945,775,17
PR00455,M010,P013,2025-10-01 00:00:00,C,899,681,22
PR00456,M013,P014,2025-06-04 19:00:00,C,588,558,16
PR00457,M010,P011,2025-01-16 15:15:00,A,846,675,35
PR00458,M004,P001,2025-06-02 21:30:00,A,311,223,8
PR00459,M012,P004,2025-10-21 19:45:00,B,850,800,37
PR00460,M009,P004,2025-11-27 16:15:00,A,464,377,15
PR00461,M004,P004,2025-04-03 21:00:00,C,862,736,6
PR00462,M004,P005,2025-10-25 15:30:00,C,665,501,21
PR00463,M019,P010,2025-02-05 06:30:00,B,797,681,25
PR00464,M014,P005,2025-06-11 13:15:00,B,304,233,11
PR00465,M006,P011,2025-03-10 21:30:00,C,791,682,24
PR00466,M003,P012,2025-02-11 08:15:00,A,851,696,32
PR00467,M009,P009,2025-01-10 16:00:00,C,895,834,6
PR00468,M019,P012,2025-08-30 20:15:00,B,674,556,30
PR00469,M020,P011,2025-03-10 14:00:00,A,706,627,36
PR00470,M005,P012,2025-09-21 04:45:00,C,463,365,21
PR00471,M007,P009,2025-09-05 11:00:00,B,524,524,9
PR00472,M004,P012,2025-07-18 15:45:00,C,347,282,11
PR00473,M003,P009,2025-11-21 08:30:00,B,892,841,21
PR00474,M016,P015,2025-07-12 07:45:00,C,661,716,17
PR00475,M006,P003,2025-01-04 16:15:00,B,750,629,10
PR00476,M004,P008,2025-11-05 22:00:00,C,976,807,40
PR00477,M019,P010,2025-09-03 15:15:00,A,904,707,5
PR00478,M006,P009,2025-03-10 20:00:00,B,886,678,10
PR00479,M016,P014,2025-11-03 18:00:00,B,977,1015,39
PR00480,M006,P010,2025-03-29 07:45:00,C,915,698,26
PR00481,M005,P002,2025-09-19 08:15:00,A,650,673,17
PR00482,M020,P010,2025-04-14 16:45:00,A,453,417,6
PR00483,M014,P009,2025-09-30 16:00:00,B,395,385,19
PR00484,M013,P006,2025-07-09 01:45:00,C,534,600,19
PR00485,M010,P010,2025-12-23 18:00:00,C,735,539,28
PR00486,M019,P009,2025-07-29 08:15:00,A,305,301,15
PR00487,M014,P011,2025-09-24 00:45:00,C,970,782,8
PR00488,M013,P013,2025-05-10 08:45:00,A,878,714,14
PR00489,M012,P013,2025-07-31 17:45:00,C,483,387,8
PR00490,M006,P002,2025-07-23 23:15:00,A,975,735,13
PR00491,M001,P013,2025-09-18 12:30:00,A,863,808,21
PR00492,M003,P010,2025-03-16 15:45:00,A,390,279,5
PR00493,M001,P004,2025-07-16 12:30:00,C,911,678,22
PR00494,M008,P010,2025-09-23 09:15:00,A,334,313,10
PR00495,M013,P006,2025-12-12 01:30:00,C,544,535,11
PR00496,M003,P009,2025-07-22 12:15:00,B,830,600,26
PR00497,M013,P010,2025-10-14 18:30:00,A,655,691,11
PR00498,M010,P006,2025-05-14 05:45:00,A,818,667,6
PR00499,M015,P011,2025-09-20 08:30:00,B,753,749,35
PR00500,M008,P011,2025-10-28 00:45:00,C,419,317,8
PR00501,M003,P007,2025-04-28 10:45:00,C,661,665,12
PR00502,M019,P005,2025-06-25 02:15:00,A,787,660,11
PR00503,M008,P014,2025-12-16 06:45:00,C,504,407,7
PR00504,M016,P010,2025-07-02 04:00:00,A,422,471,20
PR00505,M009,P008,2025-10-05 01:45:00,A,680,540,29
PR00506,M017,P013,2025-09-19 08:45:00,B,527,527,6
PR00507,M004,P012,2025-09-02 17:00:00,C,814,727,22
PR00508,M004,P006,2025-08-24 10:00:00,B,312,254,7
PR00509,M006,P008,2025-11-10 08:15:00,B,861,691,16
PR00510,M006,P010,2025-04-18 13:30:00,A,673,779,16
PR00511,M007,P003,2025-10-22 21:15:00,C,402,409,21
PR00512,M017,P009,2025-03-18 15:00:00,C,480,376,5
PR00513,M002,P004,2025-06-11 15:30:00,B,556,481,21
PR00514,M012,P009,2025-09-01 20:00:00,C,760,736,14
PR00515,M019,P011,2025-05-12 11:00:00,C,721,611,10
PR00516,M015,P015,2025-10-03 05:30:00,A,663,488,16
PR00517,M011,P007,2025-07-15 19:30:00,C,774,746,37
PR00518,M011,P006,2025-11-10 18:45:00,C,373,296,7
PR00519,M012,P012,2025-05-30 22:30:00,C,919,870,46
PR00520,M008,P011,2025-09-24 14:45:00,B,471,408,3
PR00521,M018,P001,2025-12-25 23:00:00,A,515,412,22
PR00522,M013,P005,2025-07-23 16:00:00,A,406,338,5
PR00523,M012,P014,2025-05-07 23:30:00,B,753,757,5
PR00524,M018,P003,2025-09-01 14:30:00,C,861,807,47
PR00525,M008,P013,2025-11-02 14:45:00,A,836,720,23
PR00526,M001,P009,2025-08-15 09:30:00,A,722,571,12
PR00527,M001,P013,2025-06-26 09:45:00,B,847,687,21
PR00528,M018,P007,2025-05-30 19:15:00,B,307,242,4
PR00529,M020,P013,2025-05-08 05:45:00,C,687,592,20
PR00530,M014,P004,2025-12-17 08:30:00,A,964,975,48
PR00531,M007,P006,2025-04-04 04:30:00,A,413,371,15
PR00532,M005,P012,2025-03-19 01:00:00,B,490,506,10
PR00533,M016,P006,2025-01-05 07:00:00,B,454,337,16
PR00534,M002,P005,2025-12-23 01:30:00,B,382,427,24
PR00535,M004,P013,2025-02-06 17:45:00,C,485,418,21
PR00536,M015,P012,2025-05-08 12:45:00,A,553,491,3
PR00537,M002,P012,2025-09-24 21:15:00,C,784,754,10
PR00538,M002,P014,2025-09-24 03:30:00,C,792,732,12
PR00539,M013,P013,2025-04-22 03:15:00,A,948,893,33
PR00540,M008,P003,2025-01-05 01:45:00,B,910,712,34
PR00541,M004,P003,2025-02-16 21:30:00,B,940,685,24
PR00542,M013,P006,2025-04-30 10:30:00,C,749,753,5
PR00543,M019,P003,2025-03-10 08:00:00,C,796,735,23
PR00544,M018,P003,2025-06-28 10:45:00,A,581,584,22
PR00545,M017,P007,2025-09-29 04:45:00,C,602,574,27
PR00546,M018,P014,2025-04-05 00:30:00,B,935,744,33
PR00547,M004,P009,2025-04-08 16:45:00,C,864,663,15
PR00548,M016,P004,2025-02-04 01:15:00,A,482,534,9
PR00549,M008,P010,2025-01-17 18:45:00,C,973,839,6
PR00550,M003,P008,2025-02-06 00:15:00,C,971,838,45
PR00551,M003,P014,2025-02-01 11:45:00,B,677,726,25
PR00552,M007,P004,2025-02-09 06:00:00,C,403,413,14
PR00553,M012,P011,2025-12-03 07:15:00,B,871,848,34
PR00554,M013,P009,2025-12-26 21:45:00,B,406,325,5
PR00555,M014,P013,2025-12-03 05:45:00,C,660,577,30
PR00556,M013,P013,2025-08-09 23:30:00,C,923,708,25
PR00557,M001,P009,2025-05-11 11:45:00,A,758,817,17
PR00558,M009,P015,2025-06-04 00:30:00,C,527,420,9
PR00559,M019,P004,2025-09-19 17:15:00,A,396,279,7
PR00560,M003,P012,2025-05-12 09:00:00,B,884,779,43
PR00561,M019,P007,2025-09-05 05:45:00,A,890,945,7
PR00562,M008,P012,2025-01-29 10:30:00,C,744,676,36
PR00563,M017,P012,2025-11-05 00:45:00,A,355,337,4
PR00564,M003,P004,2025-03-20 01:45:00,B,756,760,28
PR00565,M009,P002,2025-05-29 12:15:00,B,435,309,11
PR00566,M013,P011,2025-09-14 13:15:00,C,438,400,6
PR00567,M003,P002,2025-04-11 17:15:00,C,548,414,23
PR00568,M001,P013,2025-07-31 13:30:00,B,656,487,12
PR00569,M012,P003,2025-03-28 11:45:00,C,938,787,13
PR00570,M010,P001,2025-02-13 03:00:00,B,548,600,34
PR00571,M018,P009,2025-12-22 03:30:00,B,760,648,11
PR00572,M017,P001,2025-10-08 15:15:00,B,984,765,28
PR00573,M001,P002,2025-03-29 01:30:00,B,505,499,20
PR00574,M013,P004,2025-12-05 08:30:00,B,410,290,15
PR00575,M015,P009,2025-09-18 22:00:00,C,623,545,9
PR00576,M006,P001,2025-01-12 01:15:00,B,842,690,22
PR00577,M002,P011,2025-12-17 11:30:00,B,940,876,18
PR00578,M005,P002,2025-07-18 00:30:00,C,530,408,22
PR00579,M011,P008,2025-07-15 16:15:00,C,727,640,35
PR00580,M005,P005,2025-03-09 06:15:00,C,894,894,44
PR00581,M006,P006,2025-12-28 16:15:00,A,740,817,46
PR00582,M001,P013,2025-10-13 17:00:00,B,488,404,22
PR00583,M005,P013,2025-07-31 13:30:00,A,753,766,35
PR00584,M009,P010,2025-02-24 04:15:00,C,326,279,11
PR00585,M017,P014,2025-11-10 07:15:00,C,536,485,15
PR00586,M005,P003,2025-08-29 22:30:00,A,488,542,17
PR00587,M007,P013,2025-04-26 01:45:00,A,315,355,15
PR00588,M015,P015,2025-02-03 05:45:00,A,931,827,19
PR00589,M019,P010,2025-08-07 12:00:00,C,922,886,34
PR00590,M002,P015,2025-09-26 20:00:00,A,833,653,20
PR00591,M010,P008,2025-09-23 17:45:00,B,340,264,2
PR00592,M002,P012,2025-06-05 09:45:00,C,470,405,16
PR00593,M018,P003,2025-03-14 14:45:00,B,392,430,24
PR00594,M007,P015,2025-07-31 10:45:00,B,325,295,11
PR00595,M004,P012,2025-02-16 08:30:00,B,964,1025,12
PR00596,M017,P010,2025-11-21 11:00:00,A,836,761,34
PR00597,M005,P003,2025-07-13 17:45:00,A,344,381,16
PR00598,M015,P005,2025-04-02 22:00:00,C,729,582,26
PR00599,M016,P009,2025-04-03 03:15:00,A,507,366,12
PR00600,M014,P008,2025-11-08 15:15:00,A,522,481,15
PR00601,M007,P001,2025-11-04 19:00:00,A,550,562,28
PR00602,M019,P014,2025-03-17 01:30:00,C,337,309,2
PR00603,M020,P010,2025-06-02 10:00:00,C,350,286,6
PR00604,M012,P015,2025-04-01 14:30:00,B,336,252,5
PR00605,M014,P009,2025-02-04 13:00:00,A,599,583,13
PR00606,M017,P002,2025-12-23 06:00:00,B,411,429,25
PR00607,M012,P015,2025-12-19 19:30:00,A,737,675,40
PR00608,M006,P015,2025-11-11 18:45:00,C,832,857,28
PR00609,M007,P013,2025-04-30 22:30:00,C,498,407,5
PR00610,M007,P001,2025-08-01 13:00:00,C,641,550,27
PR00611,M001,P002,2025-04-14 22:30:00,C,560,548,13
PR00612,M006,P004,2025-06-20 10:45:00,B,882,870,6
PR00613,M018,P015,2025-06-23 21:45:00,B,785,766,30
PR00614,M011,P009,2025-08-25 13:00:00,C,833,658,30
PR00615,M013,P011,2025-01-10 06:30:00,C,662,532,13
PR00616,M010,P012,2025-03-26 18:45:00,B,491,513,27
PR00617,M010,P004,2025-12-30 01:30:00,C,723,567,29
PR00618,M003,P008,2025-06-04 05:00:00,C,683,661,32
PR00619,M011,P003,2025-01-13 15:15:00,A,494,345,8
PR00620,M017,P002,2025-09-22 21:15:00,A,510,508,15
PR00621,M010,P001,2025-06-09 01:00:00,C,641,610,25
PR00622,M018,P006,2025-06-09 20:15:00,B,628,510,11
PR00623,M004,P004,2025-12-10 03:30:00,C,452,417,15
PR00624,M010,P010,2025-06-29 17:30:00,A,577,503,22
PR00625,M002,P002,2025-03-29 02:30:00,B,927,954,6
PR00626,M019,P011,2025-01-28 02:45:00,C,701,547,21
PR00627,M003,P015,2025-12-25 14:30:00,B,619,539,27
PR00628,M015,P008,2025-10-18 04:00:00,A,779,644,14
PR00629,M011,P008,2025-04-25 04:30:00,B,672,563,27
PR00630,M006,P005,2025-01-16 02:45:00,B,415,302,9
PR00631,M003,P013,2025-11-06 18:15:00,B,820,647,15
PR00632,M018,P003,2025-09-30 14:45:00,B,904,728,28
PR00633,M011,P009,2025-07-16 02:30:00,C,513,468,14
PR00634,M020,P008,2025-05-01 05:00:00,B,887,873,10
PR00635,M020,P013,2025-10-12 03:45:00,B,480,360,15
PR00636,M019,P015,2025-06-17 15:00:00,C,392,339,4
PR00637,M011,P005,2025-01-01 04:15:00,C,763,660,10
PR00638,M020,P009,2025-12-14 09:45:00,B,652,731,27
PR00639,M012,P002,2025-03-07 09:00:00,B,678,710,25
PR00640,M013,P007,2025-01-16 07:45:00,B,904,779,18
PR00641,M012,P014,2025-08-11 17:15:00,B,978,794,41
PR00642,M005,P012,2025-03-20 09:15:00,B,437,351,14
PR00643,M020,P015,2025-12-03 13:15:00,B,386,321,17
PR00644,M013,P006,2025-11-16 05:45:00,A,821,651,33
PR00645,M018,P010,2025-04-06 13:00:00,B,891,795,16
PR00646,M003,P003,2025-01-18 01:45:00,C,677,460,14
PR00647,M003,P011,2025-09-27 08:45:00,C,829,632,20
PR00648,M001,P008,2025-10-04 18:30:00,B,927,675,16
PR00649,M020,P012,2025-09-20 15:30:00,B,731,648,9
PR00650,M002,P011,2025-10-16 08:00:00,B,944,836,12
PR00651,M005,P010,2025-11-16 00:30:00,B,796,528,11
PR00652,M005,P011,2025-05-21 08:00:00,B,414,386,21
PR00653,M003,P003,2025-07-09 05:30:00,C,541,505,12
PR00654,M006,P004,2025-03-20 15:45:00,C,692,491,14
PR00655,M018,P004,2025-06-26 01:30:00,B,418,270,8
PR00656,M014,P001,2025-12-16 22:45:00,B,785,648,22
PR00657,M014,P010,2025-08-18 12:30:00,C,842,889,36
PR00658,M019,P007,2025-05-20 10:30:00,B,573,598,11
PR00659,M006,P006,2025-12-12 23:15:00,C,988,932,40
PR00660,M004,P011,2025-01-06 21:00:00,B,369,297,3
PR00661,M007,P010,2025-06-29 07:30:00,C,557,455,26
PR00662,M019,P013,2025-03-04 22:00:00,A,388,401,5
PR00663,M009,P013,2025-02-26 22:15:00,B,559,454,14
PR00664,M002,P007,2025-12-21 21:30:00,B,563,426,4
PR00665,M013,P003,2025-06-20 01:30:00,C,571,536,9
PR00666,M004,P015,2025-09-09 03:15:00,B,853,891,15
PR00667,M016,P003,2025-05-13 03:00:00,C,374,270,2
PR00668,M011,P015,2025-11-24 00:00:00,B,980,783,10
PR00669,M018,P004,2025-10-22 00:45:00,A,789,726,35
PR00670,M012,P006,2025-07-16 22:45:00,C,424,341,19
PR00671,M011,P002,2025-06-05 12:00:00,B,947,1002,52
PR00672,M007,P005,2025-05-29 20:15:00,C,480,415,24
PR00673,M007,P001,2025-07-19 03:30:00,C,798,561,7
PR00674,M010,P008,2025-10-31 07:45:00,C,698,476,17
PR00675,M017,P008,2025-08-19 00:00:00,C,647,481,6
PR00676,M001,P008,2025-10-02 04:15:00,C,373,263,3
PR00677,M015,P010,2025-01-24 07:15:00,A,314,274,13
PR00678,M008,P002,2025-10-30 02:00:00,A,416,383,19
PR00679,M007,P013,2025-08-07 10:45:00,A,632,465,11
PR00680,M014,P003,2025-10-31 05:30:00,C,364,238,3
PR00681,M020,P007,2025-07-09 17:15:00,A,749,589,29
PR00682,M019,P015,2025-01-09 15:00:00,B,306,212,12
PR00683,M006,P010,2025-08-02 22:45:00,C,429,314,9
PR00684,M010,P006,2025-01-20 19:15:00,B,811,730,7
PR00685,M018,P009,2025-01-03 17:15:00,A,496,363,9
PR00686,M005,P011,2025-08-26 20:15:00,B,583,428,5
PR00687,M009,P006,2025-09-12 05:15:00,C,986,1069,18
PR00688,M001,P008,2025-08-21 01:00:00,C,353,383,6
PR00689,M011,P004,2025-03-01 02:15:00,A,755,694,29
PR00690,M013,P015,2025-06-16 07:00:00,A,542,555,29
PR00691,M013,P006,2025-02-07 15:45:00,A,355,419,13
PR00692,M011,P003,2025-08-23 23:15:00,A,947,867,17
PR00693,M011,P004,2025-12-21 18:00:00,B,587,475,7
PR00694,M003,P007,2025-11-06 05:15:00,C,891,922,48
PR00695,M011,P007,2025-09-08 06:45:00,C,773,627,12
PR00696,M002,P001,2025-04-24 18:15:00,B,887,869,24
PR00697,M016,P004,2025-09-16 01:45:00,A,843,746,8
PR00698,M003,P001,2025-10-13 00:45:00,B,523,351,7
PR00699,M005,P014,2025-12-09 09:15:00,C,770,792,24
PR00700,M003,P007,2025-07-27 05:30:00,C,941,827,33
PR00701,M007,P013,2025-06-20 16:00:00,C,603,516,18
PR00702,M012,P015,2025-02-11 19:30:00,A,356,406,22
PR00703,M003,P009,2025-02-26 12:30:00,C,776,717,26
PR00704,M019,P014,2025-04-15 04:30:00,C,544,514,21
PR00705,M003,P006,2025-04-18 23:15:00,B,628,526,11
PR00706,M018,P015,2025-08-20 15:00:00,B,781,814,34
PR00707,M015,P002,2025-08-20 19:30:00,A,989,1079,9
PR00708,M005,P008,2025-07-20 05:30:00,A,378,209,4
PR00709,M014,P008,2025-04-15 16:00:00,C,600,489,15
PR00710,M008,P014,2025-11-27 00:30:00,C,493,292,15
PR00711,M017,P014,2025-11-27 10:45:00,C,892,733,28
PR00712,M006,P013,2025-08-16 14:30:00,B,880,651,32
PR00713,M006,P010,2025-04-27 15:30:00,A,595,625,19
PR00714,M005,P003,2025-12-31 17:30:00,A,486,530,27
PR00715,M002,P011,2025-03-01 01:30:00,B,888,678,24
PR00716,M010,P002,2025-06-26 04:30:00,A,759,716,10
PR00717,M017,P006,2025-07-27 15:15:00,C,769,862,30
PR00718,M019,P011,2025-12-28 09:45:00,A,596,714,33
PR00719,M018,P002,2025-10-17 23:45:00,B,646,617,8
PR00720,M020,P011,2025-01-13 12:15:00,A,756,567,13
PR00721,M003,P009,2025-10-26 16:15:00,B,584,521,22
PR00722,M012,P007,2025-04-10 15:30:00,A,917,894,51
PR00723,M018,P002,2025-08-07 11:45:00,A,681,476,14
PR00724,M014,P012,2025-08-16 23:45:00,B,753,645,32
PR00725,M003,P015,2025-03-13 18:00:00,C,447,286,17
PR00726,M006,P009,2025-07-12 02:00:00,B,719,694,14
PR00727,M010,P014,2025-12-30 18:15:00,C,504,364,3
PR00728,M009,P005,2025-06-05 15:45:00,C,529,416,2
PR00729,M008,P001,2025-11-22 15:00:00,A,969,925,51
PR00730,M019,P007,2025-05-22 15:00:00,B,913,924,34
PR00731,M019,P001,2025-11-18 21:45:00,A,422,360,7
PR00732,M014,P011,2025-06-13 14:15:00,B,665,511,10
PR00733,M004,P010,2025-01-25 09:30:00,A,842,820,32
PR00734,M012,P002,2025-10-06 10:30:00,C,608,508,22
PR00735,M006,P002,2025-10-24 11:15:00,A,313,229,6
PR00736,M017,P014,2025-03-21 16:15:00,C,492,555,20
PR00737,M016,P006,2025-12-31 17:00:00,B,727,701,39
PR00738,M011,P003,2025-12-20 11:15:00,C,752,812,31
PR00739,M007,P003,2025-06-05 00:00:00,A,527,386,8
PR00740,M014,P001,2025-08-06 22:00:00,A,379,225,7
PR00741,M004,P013,2025-02-25 01:00:00,A,780,595,25
PR00742,M005,P014,2025-11-05 06:15:00,C,489,483,3
PR00743,M019,P002,2025-05-23 18:30:00,A,660,457,8
PR00744,M018,P001,2025-10-24 00:15:00,C,496,529,8
PR00745,M012,P007,2025-02-20 06:45:00,B,675,676,7
PR00746,M004,P008,2025-04-20 16:15:00,A,717,593,35
PR00747,M004,P007,2025-09-24 04:45:00,B,669,642,15
PR00748,M014,P004,2025-08-22 19:30:00,A,754,601,16
PR00749,M017,P011,2025-09-01 21:30:00,C,483,326,9
PR00750,M004,P012,2025-02-13 03:15:00,A,704,562,21
PR00751,M014,P012,2025-02-03 11:15:00,B,646,532,9
PR00752,M020,P007,2025-05-23 22:30:00,B,959,987,24
PR00753,M005,P001,2025-09-19 08:15:00,A,765,580,23
PR00754,M020,P011,2025-01-28 02:45:00,B,994,766,11
PR00755,M010,P011,2025-03-20 09:00:00,B,378,322,10
PR00756,M018,P001,2025-09-09 16:30:00,A,855,716,37
PR00757,M018,P011,2025-08-09 03:45:00,B,760,606,4
PR00758,M016,P013,2025-12-28 05:45:00,A,741,597,26
PR00759,M006,P009,2025-10-19 21:45:00,A,975,858,31
PR00760,M012,P013,2025-07-20 08:45:00,B,905,958,37
PR00761,M001,P013,2025-06-14 01:00:00,C,904,682,31
PR00762,M012,P001,2025-06-24 12:00:00,C,738,595,15
PR00763,M004,P006,2025-05-06 07:15:00,A,963,848,45
PR00764,M019,P009,2025-01-11 17:30:00,B,338,327,17
PR00765,M004,P013,2025-05-17 00:45:00,B,902,638,15
PR00766,M011,P003,2025-02-21 22:15:00,C,644,620,31
PR00767,M018,P004,2025-06-03 11:45:00,B,506,490,25
PR00768,M003,P012,2025-05-16 01:30:00,C,887,717,12
PR00769,M003,P011,2025-02-18 18:30:00,B,579,443,7
PR00770,M013,P005,2025-09-16 09:45:00,C,979,857,14
PR00771,M015,P005,2025-09-21 14:15:00,C,319,279,9
PR00772,M007,P006,2025-09-30 19:45:00,B,879,861,7
PR00773,M007,P014,2025-03-17 07:15:00,B,607,563,31
PR00774,M008,P002,2025-05-17 09:15:00,A,562,581,10
PR00775,M002,P004,2025-04-09 00:15:00,A,617,512,21
PR00776,M018,P003,2025-05-20 04:00:00,C,564,553,11
PR00777,M003,P015,2025-01-22 23:45:00,B,320,261,6
PR00778,M005,P004,2025-07-06 21:00:00,A,706,730,33
PR00779,M016,P015,2025-10-20 23:00:00,A,834,747,25
PR00780,M013,P013,2025-05-02 19:00:00,C,620,491,18
PR00781,M019,P001,2025-05-01 13:15:00,B,447,345,9
PR00782,M008,P005,2025-10-01 11:00:00,A,624,599,19
PR00783,M002,P012,2025-07-05 15:30:00,C,615,494,25
PR00784,M004,P009,2025-05-03 08:45:00,A,616,575,25
PR00785,M008,P005,2025-08-15 12:00:00,A,702,766,43
PR00786,M003,P014,2025-03-24 14:30:00,B,959,816,6
PR00787,M009,P009,2025-08-30 23:45:00,A,640,672,34
PR00788,M006,P011,2025-06-30 13:30:00,B,764,696,33
PR00789,M008,P009,2025-11-25 04:00:00,C,710,547,6
PR00790,M005,P005,2025-11-29 04:45:00,A,627,596,32
PR00791,M019,P004,2025-12-18 18:30:00,A,588,446,24
PR00792,M006,P001,2025-01-12 17:15:00,B,391,430,7
PR00793,M017,P007,2025-11-13 13:30:00,B,452,283,3
PR00794,M009,P005,2025-12-11 15:00:00,C,529,579,9
PR00795,M007,P007,2025-09-11 12:15:00,A,741,669,14
PR00796,M015,P015,2025-07-29 04:00:00,A,597,572,10
PR00797,M007,P012,2025-07-09 18:45:00,B,387,301,13
PR00798,M011,P015,2025-12-29 13:30:00,A,374,305,3
PR00799,M012,P003,2025-08-30 11:00:00,C,305,226,6
PR00800,M011,P015,2025-01-22 18:15:00,B,566,422,14
PR00801,M016,P014,2025-03-09 02:30:00,B,843,736,43
PR00802,M009,P009,2025-07-04 13:30:00,B,569,566,27
PR00803,M015,P001,2025-08-12 05:30:00,A,803,839,35
PR00804,M015,P007,2025-03-18 01:15:00,A,487,413,8
PR00805,M005,P002,2025-09-11 01:45:00,B,665,680,8
PR00806,M009,P010,2025-02-17 06:30:00,C,484,480,22
PR00807,M016,P011,2025-10-27 06:00:00,A,838,868,16
PR00808,M012,P010,2025-06-18 00:30:00,A,997,1141,13
PR00809,M009,P010,2025-06-15 04:00:00,C,383,329,13
PR00810,M019,P003,2025-01-03 10:00:00,A,971,878,26
PR00811,M003,P007,2025-01-25 20:30:00,B,630,633,24
PR00812,M013,P013,2025-04-02 07:45:00,B,391,240,4
PR00813,M020,P003,2025-05-26 20:15:00,B,423,368,20
PR00814,M013,P008,2025-12-07 03:30:00,B,824,598,18
PR00815,M014,P002,2025-10-16 19:45:00,A,392,407,12
PR00816,M005,P015,2025-09-20 10:45:00,B,992,750,32
PR00817,M005,P011,2025-09-27 20:00:00,B,597,586,13
PR00818,M002,P009,2025-05-08 16:45:00,A,602,587,21
PR00819,M019,P002,2025-09-19 13:45:00,C,396,339,8
PR00820,M002,P002,2025-01-09 03:45:00,B,483,421,22
PR00821,M011,P015,2025-12-27 09:30:00,A,901,885,44
PR00822,M014,P009,2025-04-19 05:00:00,A,918,708,30
PR00823,M020,P012,2025-01-03 12:00:00,B,313,192,10
PR00824,M010,P002,2025-06-05 19:30:00,A,989,1063,45
PR00825,M016,P011,2025-03-11 00:15:00,A,414,412,3
PR00826,M003,P005,2025-11-29 07:45:00,B,941,947,33
PR00827,M016,P008,2025-03-17 15:45:00,A,322,292,9
PR00828,M013,P001,2025-08-19 18:15:00,B,506,385,19
PR00829,M010,P001,2025-01-05 03:45:00,B,725,740,26
PR00830,M014,P010,2025-07-24 15:45:00,B,537,478,16
PR00831,M012,P008,2025-10-11 02:30:00,C,963,798,45
PR00832,M015,P004,2025-08-12 00:15:00,C,594,590,18
PR00833,M013,P007,2025-04-23 18:30:00,C,916,932,50
PR00834,M020,P004,2025-12-01 23:30:00,B,783,751,39
PR00835,M014,P008,2025-12-20 23:00:00,B,983,888,28
PR00836,M006,P003,2025-05-01 06:00:00,C,318,288,6
PR00837,M011,P013,2025-01-17 02:30:00,B,740,570,18
PR00838,M020,P011,2025-01-24 17:30:00,A,454,511,27
PR00839,M020,P013,2025-12-28 01:45:00,A,768,823,39
PR00840,M012,P003,2025-10-15 01:00:00,C,471,351,19
PR00841,M005,P002,2025-05-30 22:45:00,A,818,750,19
PR00842,M010,P009,2025-08-13 13:00:00,A,551,548,17
PR00843,M014,P013,2025-02-13 08:30:00,A,724,605,28
PR00844,M017,P013,2025-03-12 13:45:00,C,719,733,42
PR00845,M011,P006,2025-07-05 00:45:00,B,449,439,4
PR00846,M005,P015,2025-03-26 13:00:00,C,702,656,27
PR00847,M011,P015,2025-01-30 20:30:00,B,729,612,13
PR00848,M018,P010,2025-01-05 08:15:00,C,713,588,10
PR00849,M011,P007,2025-11-30 14:30:00,C,964,844,6
PR00850,M017,P006,2025-03-06 16:30:00,C,518,418,15
PR00851,M017,P002,2025-03-23 00:00:00,C,852,798,36
PR00852,M004,P008,2025-01-31 11:30:00,B,942,911,11
PR00853,M018,P014,2025-10-21 23:00:00,C,764,648,24
PR00854,M019,P011,2025-04-30 11:30:00,A,591,625,31
PR00855,M004,P003,2025-07-13 16:15:00,C,407,284,7
PR00856,M016,P004,2025-08-06 13:00:00,B,394,260,14
PR00857,M014,P008,2025-02-09 11:45:00,C,902,844,31
PR00858,M015,P003,2025-09-08 23:45:00,C,466,290,3
PR00859,M004,P010,2025-09-20 16:00:00,B,517,477,17
PR00860,M004,P006,2025-02-26 03:30:00,B,885,734,25
PR00861,M010,P015,2025-07-11 09:30:00,B,797,620,17
PR00862,M002,P007,2025-04-21 05:45:00,B,302,279,7
PR00863,M005,P009,2025-10-21 09:45:00,C,645,591,23
PR00864,M020,P011,2025-08-24 14:45:00,C,452,475,11
PR00865,M009,P011,2025-07-29 12:15:00,A,704,643,19
PR00866,M010,P009,2025-03-26 22:00:00,C,885,853,40
PR00867,M017,P004,2025-03-05 20:00:00,B,497,472,27
PR00868,M001,P005,2025-09-15 00:00:00,A,974,1014,15
PR00869,M001,P006,2025-05-06 22:45:00,B,386,362,3
PR00870,M004,P002,2025-04-03 13:00:00,C,840,679,13
PR00871,M006,P001,2025-03-28 09:15:00,C,487,421,12
PR00872,M005,P007,2025-06-16 05:00:00,B,359,313,3
PR00873,M017,P007,2025-05-13 12:00:00,A,353,281,9
PR00874,M001,P007,2025-05-18 01:30:00,C,775,666,6
PR00875,M005,P005,2025-04-30 00:30:00,C,867,913,32
PR00876,M005,P006,2025-07-28 14:00:00,C,951,833,40
PR00877,M010,P011,2025-03-28 07:45:00,A,868,805,41
PR00878,M013,P006,2025-01-01 01:45:00,C,579,542,28
PR00879,M004,P014,2025-04-19 18:30:00,A,346,256,3
PR00880,M011,P015,2025-10-12 08:45:00,C,515,481,28
PR00881,M020,P006,2025-06-25 20:30:00,A,763,608,10
PR00882,M006,P007,2025-12-21 04:00:00,C,923,797,43
PR00883,M001,P015,2025-12-23 22:45:00,C,702,653,6
PR00884,M020,P006,2025-08-16 21:00:00,B,661,658,17
PR00885,M001,P013,2025-04-01 22:00:00,B,427,414,7
PR00886,M010,P013,2025-12-15 22:30:00,C,496,358,14
PR00887,M001,P004,2025-04-24 07:45:00,C,671,437,17
PR00888,M007,P011,2025-07-22 03:30:00,C,882,796,11
PR00889,M008,P015,2025-10-17 21:15:00,C,366,341,19
PR00890,M018,P015,2025-05-21 06:00:00,B,994,888,17
PR00891,M015,P008,2025-01-02 13:00:00,B,630,580,25
PR00892,M015,P006,2025-09-22 01:15:00,A,348,285,8
PR00893,M014,P002,2025-07-20 06:30:00,A,383,435,8
PR00894,M001,P008,2025-04-11 05:30:00,B,618,359,14
PR00895,M011,P009,2025-01-13 18:30:00,A,556,363,18
PR00896,M003,P001,2025-02-07 19:45:00,A,397,390,14
PR00897,M014,P002,2025-07-13 10:00:00,A,430,323,12
PR00898,M020,P013,2025-12-13 01:00:00,B,601,605,16
PR00899,M011,P011,2025-04-30 19:00:00,C,764,676,26
PR00900,M020,P012,2025-01-14 14:30:00,A,901,642,7
PR00901,M006,P004,2025-10-31 06:15:00,A,952,835,33
PR00902,M012,P005,2025-01-23 01:15:00,C,619,608,20
PR00903,M019,P011,2025-10-05 04:15:00,C,780,630,3
PR00904,M002,P007,2025-03-16 01:15:00,B,819,859,31
PR00905,M020,P012,2025-04-11 06:15:00,B,370,285,17
PR00906,M004,P008,2025-10-24 18:30:00,A,930,723,17
PR00907,M011,P013,2025-09-11 07:00:00,C,954,770,14
PR00908,M001,P002,2025-07-12 06:45:00,B,488,545,3
PR00909,M002,P001,2025-01-16 17:00:00,A,445,383,18
PR00910,M011,P014,2025-04-12 09:15:00,C,524,588,26
PR00911,M005,P007,2025-05-06 05:15:00,C,322,251,13
PR00912,M012,P011,2025-02-26 10:15:00,A,612,557,14
PR00913,M018,P007,2025-09-27 19:45:00,C,366,293,5
PR00914,M020,P010,2025-07-11 10:45:00,A,951,756,6
PR00915,M017,P010,2025-10-02 09:15:00,B,635,494,6
PR00916,M006,P009,2025-04-18 23:00:00,B,781,764,30
PR00917,M016,P012,2025-11-27 16:30:00,B,810,758,26
PR00918,M002,P004,2025-08-31 08:45:00,A,953,1052,39
PR00919,M012,P005,2025-04-14 14:15:00,C,705,533,7
PR00920,M019,P001,2025-02-13 04:00:00,B,602,545,13
PR00921,M009,P007,2025-09-20 19:30:00,A,736,619,20
PR00922,M003,P005,2025-04-02 14:15:00,C,571,558,14
PR00923,M007,P006,2025-09-20 17:00:00,A,583,625,4
PR00924,M009,P004,2025-12-12 10:30:00,C,609,610,29
PR00925,M013,P014,2025-11-06 04:30:00,C,308,301,18
PR00926,M005,P014,2025-12-02 00:45:00,B,969,908,43
PR00927,M015,P006,2025-04-27 07:15:00,A,785,593,18
PR00928,M018,P001,2025-06-10 06:45:00,B,727,555,17
PR00929,M011,P004,2025-03-13 18:15:00,B,612,712,36
PR00930,M019,P013,2025-08-06 21:45:00,A,850,708,26
PR00931,M013,P004,2025-03-13 04:30:00,B,881,796,42
PR00932,M015,P011,2025-02-02 17:45:00,B,492,409,9
PR00933,M006,P004,2025-02-17 05:00:00,A,991,963,31
PR00934,M015,P001,2025-07-17 09:15:00,B,538,454,15
PR00935,M018,P007,2025-09-23 00:15:00,B,634,635,7
PR00936,M016,P003,2025-02-05 12:15:00,C,433,458,10
PR00937,M015,P002,2025-10-22 09:15:00,B,814,773,46
PR00938,M019,P001,2025-11-06 07:30:00,C,882,920,28
PR00939,M006,P007,2025-02-16 09:45:00,A,655,630,24
PR00940,M019,P002,2025-04-02 19:45:00,B,768,631,26
PR00941,M007,P015,2025-12-24 01:15:00,B,461,357,20
PR00942,M011,P007,2025-07-30 17:00:00,B,677,485,5
PR00943,M015,P007,2025-03-26 08:15:00,B,818,651,27
PR00944,M005,P006,2025-07-24 06:45:00,C,338,253,3
PR00945,M016,P014,2025-08-26 15:45:00,B,369,246,7
PR00946,M018,P012,2025-03-24 05:00:00,B,921,650,14
PR00947,M018,P004,2025-03-28 02:00:00,B,993,792,35
PR00948,M020,P001,2025-12-23 01:00:00,A,699,685,20
PR00949,M001,P006,2025-07-13 06:15:00,A,683,717,5
PR00950,M006,P012,2025-12-15 21:00:00,A,525,565,6
PR00951,M013,P007,2025-01-23 13:00:00,A,634,496,28
PR00952,M011,P001,2025-04-29 06:00:00,B,665,521,3
PR00953,M007,P007,2025-04-19 14:15:00,B,367,342,3
PR00954,M019,P003,2025-11-03 15:00:00,B,849,901,50
PR00955,M011,P003,2025-02-18 19:30:00,C,946,877,38
PR00956,M019,P008,2025-12-19 10:45:00,B,369,226,9
PR00957,M004,P005,2025-09-19 20:15:00,A,815,785,31
PR00958,M007,P003,2025-08-08 07:00:00,B,361,276,9
PR00959,M011,P003,2025-04-15 20:00:00,B,543,502,23
PR00960,M010,P013,2025-06-12 20:00:00,A,833,788,22
PR00961,M008,P013,2025-04-28 23:30:00,C,650,451,19
PR00962,M006,P008,2025-12-23 23:15:00,C,922,935,31
PR00963,M005,P002,2025-01-04 02:45:00,A,371,497,28
PR00964,M015,P005,2025-10-31 17:15:00,A,541,523,15
PR00965,M007,P005,2025-04-12 07:45:00,B,480,435,25
PR00966,M017,P010,2025-02-10 11:45:00,C,686,579,17
PR00967,M010,P010,2025-08-10 04:45:00,C,320,305,17
PR00968,M010,P007,2025-03-20 17:15:00,C,563,489,11
PR00969,M001,P014,2025-11-07 15:00:00,C,641,473,7
PR00970,M012,P007,2025-07-11 15:45:00,B,725,771,45
PR00971,M006,P004,2025-06-07 20:00:00,B,718,764,43
PR00972,M012,P012,2025-05-11 23:30:00,A,821,800,32
PR00973,M001,P012,2025-11-30 12:45:00,C,552,508,20
PR00974,M009,P004,2025-11-27 04:30:00,C,919,826,35
PR00975,M019,P015,2025-10-24 21:15:00,A,312,284,7
PR00976,M010,P009,2025-09-23 06:45:00,C,469,508,10
PR00977,M019,P013,2025-12-04 12:30:00,B,721,777,9
PR00978,M006,P014,2025-03-15 08:15:00,B,707,655,4
PR00979,M012,P003,2025-01-01 03:00:00,C,727,629,9
PR00980,M019,P014,2025-03-10 06:45:00,A,486,391,4
PR00981,M015,P011,2025-04-06 06:00:00,C,487,528,28
PR00982,M009,P002,2025-02-25 20:15:00,B,381,408,11
PR00983,M001,P011,2025-01-16 18:15:00,C,789,706,14
PR00984,M017,P013,2025-01-22 03:15:00,B,834,833,21
PR00985,M008,P006,2025-09-06 15:30:00,C,918,752,45
PR00986,M001,P008,2025-07-24 12:00:00,C,664,740,37
PR00987,M008,P006,2025-07-25 23:15:00,B,326,325,14
PR00988,M011,P001,2025-11-13 21:45:00,C,827,698,11
PR00989,M003,P006,2025-07-04 01:30:00,B,994,847,33
PR00990,M005,P014,2025-09-01 21:00:00,C,694,551,9
PR00991,M015,P003,2025-10-20 22:00:00,B,430,443,26
PR00992,M003,P002,2025-03-01 15:15:00,B,549,472,22
PR00993,M004,P011,2025-01-15 05:30:00,A,692,694,22
PR00994,M008,P015,2025-10-01 20:45:00,C,392,421,10
PR00995,M018,P014,2025-11-04 02:30:00,B,686,716,29
PR00996,M011,P012,2025-04-30 07:30:00,C,418,289,3
PR00997,M001,P005,2025-04-07 23:00:00,A,886,808,30
PR00998,M012,P013,2025-10-30 17:15:00,C,697,679,15
PR00999,M010,P014,2025-03-06 16:15:00,A,409,315,4
PR01000,M002,P010,2025-09-13 21:45:00,B,450,412,5
PR01001,M016,P005,2025-06-08 16:00:00,C,580,615,31
PR01002,M008,P012,2025-07-12 01:30:00,C,456,426,7
PR01003,M001,P009,2025-01-27 05:45:00,B,701,611,8
PR01004,M017,P012,2025-06-22 13:45:00,B,656,580,15
PR01005,M002,P014,2025-05-25 22:15:00,C,861,782,29
PR01006,M010,P015,2025-06-05 14:15:00,A,891,728,32
PR01007,M005,P007,2025-04-18 06:15:00,B,966,692,29
PR01008,M002,P002,2025-12-14 05:00:00,C,398,292,9
PR01009,M016,P005,2025-11-29 10:45:00,C,452,420,8
PR01010,M013,P005,2025-11-02 05:45:00,C,986,949,45
PR01011,M017,P004,2025-12-01 14:30:00,A,311,273,11
PR01012,M019,P003,2025-10-28 18:45:00,B,580,583,6
PR01013,M018,P003,2025-09-05 20:45:00,B,605,570,31
PR01014,M017,P008,2025-12-25 00:45:00,A,869,889,43
PR01015,M006,P001,2025-09-23 18:00:00,C,512,564,21
PR01016,M006,P002,2025-08-17 10:00:00,C,340,247,4
PR01017,M001,P004,2025-05-12 01:00:00,B,427,357,10
PR01018,M016,P012,2025-01-24 16:30:00,B,974,922,12
PR01019,M007,P003,2025-09-25 11:15:00,C,401,394,5
PR01020,M003,P009,2025-10-10 06:30:00,B,584,450,18
PR01021,M005,P009,2025-05-14 12:15:00,A,709,676,38
PR01022,M012,P010,2025-02-06 20:30:00,C,948,902,14
PR01023,M020,P004,2025-11-28 16:15:00,A,729,716,19
PR01024,M003,P006,2025-05-19 03:00:00,B,1000,974,8
PR01025,M004,P013,2025-05-20 04:15:00,A,580,354,9
PR01026,M017,P006,2025-03-31 16:30:00,C,902,980,31
PR01027,M006,P006,2025-10-20 09:30:00,C,922,726,34
PR01028,M017,P012,2025-12-14 17:45:00,A,788,744,14
PR01029,M012,P012,2025-12-03 04:15:00,A,687,626,25
PR01030,M015,P009,2025-12-14 19:45:00,B,768,681,40
PR01031,M003,P011,2025-05-22 13:15:00,A,612,606,29
PR01032,M010,P009,2025-02-09 23:15:00,B,395,323,3
PR01033,M004,P007,2025-01-06 13:15:00,A,791,690,24
PR01034,M008,P012,2025-11-12 06:00:00,C,735,667,31
PR01035,M008,P003,2025-09-28 21:00:00,A,921,851,40
PR01036,M012,P002,2025-07-07 04:30:00,B,352,377,10
PR01037,M019,P007,2025-12-14 07:00:00,A,597,488,22
PR01038,M002,P006,2025-06-06 20:00:00,A,774,829,43
PR01039,M012,P001,2025-11-12 14:30:00,A,605,586,9
PR01040,M014,P002,2025-08-09 15:15:00,B,386,354,19
PR01041,M018,P013,2025-01-04 04:30:00,B,531,449,24
PR01042,M001,P006,2025-02-25 14:45:00,C,465,382,18
PR01043,M006,P011,2025-04-12 03:15:00,A,591,389,21
PR01044,M005,P006,2025-09-03 21:30:00,B,421,402,14
PR01045,M017,P001,2025-09-14 23:45:00,C,434,335,5
PR01046,M014,P008,2025-05-02 01:30:00,B,739,796,36
PR01047,M004,P014,2025-05-25 15:00:00,B,739,622,12
PR01048,M004,P012,2025-12-25 07:45:00,C,503,482,23
PR01049,M005,P007,2025-09-15 19:15:00,A,493,489,9
PR01050,M002,P007,2025-05-21 06:15:00,B,736,508,8
PR01051,M010,P002,2025-09-26 09:15:00,B,527,402,16
PR01052,M006,P001,2025-07-06 08:30:00,A,728,594,32
PR01053,M009,P008,2025-01-27 21:30:00,B,517,416,12
PR01054,M005,P006,2025-06-21 09:00:00,B,399,430,18
PR01055,M005,P011,2025-07-05 23:30:00,C,543,527,28
PR01056,M007,P004,2025-11-05 03:00:00,C,900,995,53
PR01057,M018,P012,2025-08-17 03:00:00,A,859,797,37
PR01058,M018,P006,2025-01-23 04:15:00,B,728,706,13
PR01059,M001,P003,2025-08-18 20:00:00,C,746,485,16
PR01060,M007,P012,2025-05-21 22:15:00,B,596,478,17
PR01061,M020,P005,2025-09-11 21:00:00,A,469,367,10
PR01062,M017,P008,2025-04-05 00:15:00,C,885,704,30
PR01063,M008,P001,2025-12-29 23:30:00,C,610,618,7
PR01064,M005,P005,2025-05-02 09:00:00,A,954,764,41
PR01065,M011,P002,2025-11-25 07:15:00,C,847,616,36
PR01066,M002,P011,2025-10-09 08:15:00,A,718,709,15
PR01067,M019,P002,2025-07-02 07:30:00,C,480,441,23
PR01068,M015,P004,2025-12-19 12:30:00,B,941,897,32
PR01069,M016,P002,2025-05-18 06:45:00,B,459,399,5
PR01070,M006,P011,2025-04-03 14:15:00,B,480,341,11
PR01071,M014,P004,2025-01-11 09:15:00,B,481,479,6
PR01072,M001,P010,2025-11-27 12:00:00,A,839,625,29
PR01073,M008,P013,2025-07-13 12:00:00,A,412,423,3
PR01074,M011,P014,2025-05-18 04:00:00,C,309,279,3
PR01075,M016,P003,2025-02-13 06:15:00,A,791,836,18
PR01076,M002,P002,2025-01-29 17:30:00,C,942,822,5
PR01077,M012,P011,2025-06-01 03:45:00,B,445,325,9
PR01078,M008,P002,2025-04-26 21:45:00,B,415,397,24
PR01079,M005,P003,2025-07-02 02:30:00,B,421,371,3
PR01080,M010,P010,2025-09-29 10:15:00,B,995,862,47
PR01081,M003,P013,2025-06-28 03:30:00,A,811,835,37
PR01082,M016,P014,2025-03-18 20:15:00,A,627,459,14
PR01083,M012,P006,2025-02-27 18:45:00,B,585,444,21
PR01084,M008,P007,2025-08-06 15:45:00,B,916,938,22
PR01085,M017,P010,2025-10-09 15:45:00,C,845,773,34
PR01086,M001,P006,2025-04-23 22:00:00,C,540,474,8
PR01087,M005,P005,2025-08-31 04:00:00,B,361,335,16
PR01088,M005,P002,2025-03-15 17:45:00,C,548,488,8
PR01089,M019,P002,2025-12-27 04:45:00,B,326,306,3
PR01090,M003,P001,2025-11-01 05:00:00,C,450,388,4
PR01091,M014,P012,2025-08-02 04:15:00,B,781,771,17
PR01092,M002,P010,2025-08-16 20:00:00,A,593,397,3
PR01093,M009,P015,2025-09-15 05:00:00,C,705,688,24
PR01094,M003,P009,2025-09-14 09:15:00,B,733,709,14
PR01095,M018,P010,2025-03-06 23:15:00,A,710,674,31
PR01096,M013,P003,2025-12-21 14:45:00,A,620,614,17
PR01097,M011,P001,2025-07-10 20:45:00,A,499,434,21
PR01098,M010,P004,2025-05-25 05:00:00,C,366,312,2
PR01099,M016,P001,2025-04-14 20:00:00,A,546,491,18
PR01100,M013,P009,2025-06-11 02:30:00,A,308,324,15
PR01101,M004,P009,2025-06-11 12:30:00,A,432,450,21
PR01102,M010,P003,2025-01-13 18:45:00,A,788,754,39
PR01103,M005,P013,2025-12-16 14:00:00,C,940,694,34
PR01104,M012,P010,2025-03-24 16:30:00,B,758,689,16
PR01105,M016,P002,2025-01-21 22:45:00,A,544,422,6
PR01106,M010,P003,2025-03-15 09:00:00,A,810,602,13
PR01107,M016,P005,2025-05-24 18:30:00,B,661,523,10
PR01108,M010,P007,2025-11-29 04:00:00,B,882,844,21
PR01109,M014,P009,2025-11-14 21:15:00,B,751,688,18
PR01110,M008,P012,2025-05-15 21:00:00,C,935,931,8
PR01111,M015,P011,2025-01-05 04:00:00,A,597,449,8
PR01112,M004,P002,2025-06-28 14:45:00,A,957,844,42
PR01113,M007,P012,2025-02-25 12:45:00,C,504,465,18
PR01114,M016,P003,2025-09-01 03:30:00,C,765,574,8
PR01115,M016,P004,2025-04-20 10:00:00,A,915,973,47
PR01116,M005,P002,2025-04-19 00:45:00,B,576,491,7
PR01117,M002,P002,2025-07-27 02:30:00,B,762,736,14
PR01118,M016,P009,2025-06-25 09:15:00,C,503,417,12
PR01119,M020,P004,2025-03-24 22:45:00,A,663,636,23
PR01120,M011,P001,2025-12-08 18:15:00,A,631,577,29
PR01121,M001,P008,2025-08-23 04:45:00,A,624,510,17
PR01122,M014,P012,2025-11-21 14:00:00,C,337,262,15
PR01123,M001,P006,2025-03-27 19:45:00,B,521,530,19
PR01124,M016,P011,2025-01-09 09:30:00,B,814,799,9
PR01125,M006,P008,2025-07-31 13:30:00,B,660,587,14
PR01126,M014,P011,2025-07-11 05:15:00,B,855,792,16
PR01127,M014,P002,2025-12-26 19:00:00,B,389,433,17
PR01128,M002,P011,2025-11-16 17:00:00,B,948,865,32
PR01129,M012,P013,2025-08-04 06:15:00,B,765,755,43
PR01130,M017,P005,2025-07-31 20:45:00,B,307,370,18
PR01131,M001,P003,2025-12-04 08:30:00,B,724,773,5
PR01132,M014,P004,2025-09-23 23:30:00,C,643,504,18
PR01133,M006,P007,2025-07-20 06:45:00,B,352,339,14
PR01134,M017,P002,2025-09-22 05:45:00,C,536,396,19
PR01135,M001,P011,2025-10-23 12:30:00,C,866,666,4
PR01136,M005,P008,2025-03-20 00:00:00,C,885,773,35
PR01137,M013,P013,2025-11-20 11:15:00,B,545,524,27
PR01138,M019,P014,2025-12-04 01:30:00,A,384,428,17
PR01139,M012,P015,2025-02-26 14:00:00,A,409,314,3
PR01140,M003,P004,2025-07-20 03:45:00,C,322,302,10
PR01141,M006,P011,2025-08-03 12:30:00,C,948,1000,6
PR01142,M016,P010,2025-11-20 19:00:00,C,420,429,26
PR01143,M001,P009,2025-10-07 00:15:00,C,834,844,6
PR01144,M005,P004,2025-03-20 06:30:00,A,417,425,3
PR01145,M010,P008,2025-12-21 04:30:00,C,580,549,19
PR01146,M009,P007,2025-09-11 13:45:00,A,497,393,6
PR01147,M014,P010,2025-10-26 18:30:00,C,469,511,27
PR01148,M012,P006,2025-05-20 10:00:00,C,921,779,12
PR01149,M017,P006,2025-02-02 14:15:00,B,334,355,14
PR01150,M008,P002,2025-01-16 03:15:00,A,630,587,9
PR01151,M011,P004,2025-12-03 11:30:00,B,448,470,3
PR01152,M007,P009,2025-10-18 10:15:00,A,875,672,14
PR01153,M014,P011,2025-02-22 17:30:00,B,922,996,36
PR01154,M002,P005,2025-06-12 10:15:00,B,501,321,10
PR01155,M001,P011,2025-03-03 03:45:00,C,475,423,3
PR01156,M018,P015,2025-01-03 14:30:00,C,434,430,12
PR01157,M011,P013,2025-01-21 10:00:00,B,371,347,7
PR01158,M015,P008,2025-07-24 02:30:00,C,805,725,19
PR01159,M014,P004,2025-03-04 11:00:00,A,329,272,16
PR01160,M002,P005,2025-02-15 06:30:00,A,850,898,51
PR01161,M006,P015,2025-02-26 01:30:00,A,376,283,7
PR01162,M019,P015,2025-10-26 14:00:00,B,429,301,4
PR01163,M011,P013,2025-11-23 14:00:00,C,834,713,42
PR01164,M012,P009,2025-09-05 07:00:00,A,570,543,24
PR01165,M015,P014,2025-12-04 20:15:00,B,379,259,11
PR01166,M017,P009,2025-04-07 15:00:00,B,648,516,19
PR01167,M012,P007,2025-06-09 22:45:00,B,971,675,11
PR01168,M006,P011,2025-11-14 16:15:00,B,709,556,11
PR01169,M015,P003,2025-10-23 20:00:00,B,450,412,2
PR01170,M003,P006,2025-01-15 15:45:00,B,660,549,31
PR01171,M002,P011,2025-04-19 04:45:00,B,814,693,18
PR01172,M017,P010,2025-08-05 06:30:00,B,493,459,17
PR01173,M002,P010,2025-09-23 13:00:00,B,997,736,8
PR01174,M013,P007,2025-05-03 02:00:00,B,582,483,19
PR01175,M020,P005,2025-02-21 07:30:00,C,807,648,14
PR01176,M010,P014,2025-01-02 03:15:00,C,815,822,32
PR01177,M001,P011,2025-05-03 05:30:00,B,997,772,10
PR01178,M006,P011,2025-08-08 10:00:00,A,481,584,31
PR01179,M001,P010,2025-11-01 11:45:00,C,897,674,5
PR01180,M011,P008,2025-05-29 07:15:00,B,450,421,4
PR01181,M011,P015,2025-06-29 17:30:00,C,979,873,21
PR01182,M001,P003,2025-12-06 19:45:00,B,415,343,12
PR01183,M012,P004,2025-04-23 21:15:00,C,665,600,35
PR01184,M018,P015,2025-02-15 06:45:00,B,954,781,16
PR01185,M009,P005,2025-09-27 05:30:00,A,995,819,47
PR01186,M019,P013,2025-01-22 18:30:00,B,927,749,37
PR01187,M010,P010,2025-05-28 03:00:00,C,810,885,30
PR01188,M001,P008,2025-12-07 05:30:00,A,798,700,34
PR01189,M002,P005,2025-04-22 09:00:00,A,354,350,18
PR01190,M007,P007,2025-06-29 09:15:00,C,388,380,5
PR01191,M014,P007,2025-02-11 09:15:00,A,332,257,10
PR01192,M011,P013,2025-05-14 09:30:00,C,477,491,21
PR01193,M019,P015,2025-03-13 21:15:00,C,556,400,4
PR01194,M004,P003,2025-08-25 17:15:00,C,684,675,34
PR01195,M014,P007,2025-08-15 22:30:00,B,815,852,24
PR01196,M010,P013,2025-01-15 17:00:00,A,731,511,7
PR01197,M013,P003,2025-10-25 16:30:00,B,430,464,4
PR01198,M002,P005,2025-12-10 00:45:00,C,830,693,6
PR01199,M019,P011,2025-02-24 10:00:00,C,597,526,6
PR01200,M016,P003,2025-01-28 22:15:00,A,828,574,26
PR01201,M020,P012,2025-12-12 20:15:00,A,608,559,28
PR01202,M004,P004,2025-02-28 02:00:00,A,456,347,4
PR01203,M006,P014,2025-02-23 15:00:00,A,817,736,20
PR01204,M001,P003,2025-10-07 08:45:00,A,973,923,27
PR01205,M004,P010,2025-12-03 07:15:00,B,823,774,16
PR01206,M015,P007,2025-07-08 21:30:00,B,700,590,29
PR01207,M020,P008,2025-03-17 00:30:00,A,768,551,4
PR01208,M012,P009,2025-07-01 04:45:00,C,769,660,39
PR01209,M011,P008,2025-04-18 11:45:00,C,825,594,26
PR01210,M016,P007,2025-03-13 08:30:00,B,703,496,25
PR01211,M011,P010,2025-11-07 21:15:00,C,889,816,16
PR01212,M006,P004,2025-06-28 18:45:00,A,369,269,14
PR01213,M008,P002,2025-12-07 03:45:00,A,995,893,44
PR01214,M003,P008,2025-07-16 13:00:00,B,363,243,3
PR01215,M019,P009,2025-11-07 20:00:00,A,478,389,23
PR01216,M006,P007,2025-04-11 08:45:00,C,748,689,12
PR01217,M001,P006,2025-04-09 02:00:00,B,944,1013,13
PR01218,M017,P008,2025-10-18 17:00:00,A,648,515,23
PR01219,M003,P008,2025-04-17 18:45:00,B,812,655,8
PR01220,M010,P002,2025-11-17 12:00:00,A,882,630,30
PR01221,M009,P007,2025-09-13 07:00:00,C,915,901,19
PR01222,M017,P015,2025-07-03 02:15:00,C,594,453,17
PR01223,M009,P011,2025-09-14 09:45:00,A,933,685,21
PR01224,M002,P003,2025-01-17 10:45:00,A,567,433,23
PR01225,M019,P015,2025-10-08 23:30:00,C,979,1064,52
PR01226,M020,P015,2025-12-26 01:30:00,A,372,411,16
PR01227,M012,P007,2025-10-10 15:15:00,B,577,598,10
PR01228,M007,P009,2025-06-05 07:00:00,C,356,285,14
PR01229,M014,P009,2025-07-14 21:00:00,A,865,747,9
PR01230,M007,P006,2025-03-01 14:00:00,B,930,1021,26
PR01231,M018,P010,2025-01-30 07:15:00,A,394,375,20
PR01232,M006,P005,2025-01-08 23:15:00,A,358,325,4
PR01233,M003,P005,2025-06-10 11:15:00,C,599,418,17
PR01234,M012,P013,2025-04-16 15:30:00,C,525,493,11
PR01235,M012,P015,2025-05-30 20:15:00,B,839,855,9
PR01236,M017,P004,2025-12-28 19:45:00,B,586,478,26
PR01237,M015,P011,2025-10-11 06:00:00,B,681,670,12
PR01238,M010,P014,2025-02-28 00:45:00,A,334,264,10
PR01239,M013,P003,2025-01-31 08:45:00,C,807,558,10
PR01240,M012,P015,2025-08-09 17:00:00,A,976,835,29
PR01241,M014,P013,2025-11-08 10:30:00,C,905,778,30
PR01242,M018,P008,2025-01-30 03:45:00,B,994,828,49
PR01243,M001,P005,2025-10-21 23:30:00,C,466,389,7
PR01244,M002,P010,2025-05-21 02:15:00,B,855,729,27
PR01245,M011,P014,2025-07-05 08:30:00,B,968,965,35
PR01246,M012,P008,2025-04-02 14:45:00,C,317,267,8
PR01247,M003,P008,2025-10-12 06:45:00,A,359,399,14
PR01248,M005,P014,2025-05-13 08:30:00,C,806,653,26
PR01249,M011,P001,2025-12-02 01:15:00,C,417,415,12
PR01250,M012,P009,2025-04-27 01:30:00,C,563,447,23
PR01251,M007,P006,2025-01-23 19:15:00,C,658,482,4
PR01252,M005,P001,2025-07-10 21:45:00,B,373,354,19
PR01253,M001,P003,2025-11-07 11:30:00,B,717,689,15
PR01254,M011,P009,2025-01-23 09:15:00,C,905,719,28
PR01255,M003,P002,2025-09-18 18:30:00,A,520,401,5
PR01256,M017,P013,2025-10-17 16:45:00,A,851,812,42
PR01257,M008,P013,2025-11-07 15:45:00,B,624,525,10
PR01258,M014,P006,2025-04-29 14:30:00,A,418,380,11
PR01259,M019,P014,2025-06-30 17:00:00,A,670,610,17
PR01260,M009,P013,2025-10-03 07:45:00,B,990,898,11
PR01261,M007,P015,2025-06-24 10:00:00,A,383,312,10
PR01262,M016,P012,2025-08-21 00:15:00,A,423,368,17
PR01263,M013,P015,2025-03-06 01:45:00,B,324,332,17
PR01264,M011,P015,2025-07-01 04:45:00,B,870,701,15
PR01265,M015,P012,2025-10-30 19:00:00,B,346,334,18
PR01266,M017,P002,2025-05-29 15:15:00,A,487,437,16
PR01267,M019,P005,2025-01-04 18:30:00,A,990,917,30
PR01268,M017,P010,2025-04-29 09:45:00,C,649,504,17
PR01269,M007,P007,2025-08-07 09:30:00,C,693,587,29
PR01270,M010,P005,2025-05-23 18:30:00,B,401,356,5
PR01271,M008,P011,2025-08-13 07:15:00,B,595,627,7
PR01272,M001,P010,2025-03-14 03:15:00,A,865,932,43
PR01273,M019,P007,2025-10-04 17:15:00,C,306,289,6
PR01274,M004,P008,2025-08-16 16:15:00,B,764,601,7
PR01275,M003,P012,2025-09-10 08:00:00,A,440,472,12
PR01276,M017,P011,2025-02-08 10:15:00,A,819,671,20
PR01277,M018,P011,2025-12-28 22:30:00,C,339,354,8
PR01278,M008,P011,2025-01-19 20:00:00,A,551,398,10
PR01279,M003,P009,2025-05-16 15:15:00,C,796,803,13
PR01280,M006,P001,2025-04-20 00:45:00,B,368,302,12
PR01281,M006,P015,2025-12-19 08:45:00,B,946,854,35
PR01282,M012,P009,2025-04-29 09:45:00,B,801,776,21
PR01283,M015,P006,2025-06-01 03:15:00,A,415,490,14
PR01284,M004,P006,2025-12-06 13:00:00,C,480,390,9
PR01285,M001,P005,2025-07-23 22:15:00,B,795,844,36
PR01286,M011,P007,2025-09-17 06:45:00,B,362,298,7
PR01287,M002,P005,2025-08-15 13:45:00,B,566,587,14
PR01288,M020,P010,2025-07-29 07:15:00,B,848,730,29
PR01289,M018,P002,2025-03-08 19:00:00,C,321,370,20
PR01290,M018,P007,2025-01-26 16:15:00,C,670,641,38
PR01291,M002,P014,2025-04-28 09:15:00,A,682,585,33
PR01292,M001,P004,2025-09-27 03:45:00,C,796,641,13
PR01293,M009,P014,2025-12-19 07:00:00,A,578,585,16
PR01294,M020,P015,2025-02-09 02:45:00,A,320,201,10
PR01295,M001,P005,2025-02-18 23:45:00,B,498,547,16
PR01296,M013,P005,2025-08-23 06:00:00,B,570,562,21
PR01297,M013,P001,2025-02-17 07:45:00,B,874,705,23
PR01298,M013,P013,2025-07-21 11:00:00,A,763,664,39
PR01299,M003,P002,2025-08-17 11:45:00,C,876,658,26
PR01300,M020,P014,2025-03-28 06:45:00,B,907,753,10
PR01301,M005,P001,2025-09-25 23:15:00,B,360,358,8
PR01302,M018,P013,2025-12-19 18:45:00,B,305,279,5
PR01303,M003,P015,2025-10-07 15:30:00,A,967,739,26
PR01304,M017,P012,2025-08-06 22:00:00,A,684,533,3
PR01305,M016,P003,2025-03-27 06:45:00,C,416,286,14
PR01306,M010,P012,2025-10-08 13:45:00,C,309,265,8
PR01307,M007,P013,2025-05-19 16:30:00,C,929,947,20
PR01308,M005,P003,2025-07-10 16:30:00,C,783,686,39
PR01309,M007,P004,2025-08-31 00:30:00,C,726,461,2
PR01310,M020,P003,2025-02-18 17:45:00,A,638,502,20
PR01311,M014,P010,2025-06-29 20:15:00,C,653,643,32
PR01312,M007,P002,2025-06-06 11:45:00,C,560,504,20
PR01313,M013,P006,2025-03-20 03:15:00,C,586,443,15
PR01314,M006,P001,2025-10-31 19:30:00,A,930,886,27
PR01315,M002,P003,2025-04-21 02:15:00,C,446,369,20
PR01316,M008,P009,2025-08-14 13:45:00,B,634,504,24
PR01317,M007,P003,2025-07-13 12:45:00,C,663,509,27
PR01318,M009,P011,2025-05-23 22:15:00,A,747,683,22
PR01319,M014,P004,2025-10-13 13:30:00,C,482,325,14
PR01320,M001,P004,2025-10-14 06:45:00,B,683,565,26
PR01321,M017,P015,2025-07-04 16:15:00,A,305,248,14
PR01322,M002,P012,2025-11-07 08:00:00,C,962,856,27
PR01323,M015,P008,2025-05-10 08:00:00,A,885,952,57
PR01324,M005,P012,2025-08-31 23:00:00,C,339,228,9
PR01325,M011,P002,2025-04-01 04:00:00,C,729,771,34
PR01326,M011,P015,2025-05-23 06:00:00,C,640,680,35
PR01327,M002,P002,2025-03-28 18:30:00,A,828,582,24
PR01328,M020,P004,2025-09-14 04:30:00,C,385,270,2
PR01329,M012,P002,2025-09-16 13:15:00,B,950,941,19
PR01330,M003,P003,2025-08-27 18:00:00,C,879,925,9
PR01331,M012,P008,2025-02-14 05:30:00,A,905,877,5
PR01332,M010,P003,2025-05-07 09:15:00,B,435,365,9
PR01333,M010,P005,2025-03-13 18:30:00,C,723,607,9
PR01334,M017,P008,2025-08-14 08:00:00,C,801,746,19
PR01335,M012,P011,2025-12-18 05:00:00,C,899,749,33
PR01336,M009,P002,2025-05-28 06:30:00,C,815,743,34
PR01337,M016,P003,2025-04-18 08:15:00,B,778,670,27
PR01338,M002,P006,2025-10-28 10:30:00,C,877,731,27
PR01339,M006,P015,2025-02-23 20:30:00,B,308,208,11
PR01340,M020,P008,2025-06-06 05:45:00,C,859,681,4
PR01341,M016,P011,2025-10-22 22:45:00,B,708,633,24
PR01342,M009,P010,2025-06-03 01:15:00,B,819,678,19
PR01343,M017,P004,2025-10-31 00:15:00,C,824,628,27
PR01344,M005,P013,2025-03-13 04:30:00,B,355,424,9
PR01345,M003,P003,2025-08-23 12:15:00,A,771,599,13
PR01346,M012,P001,2025-04-15 13:00:00,B,550,484,17
PR01347,M013,P014,2025-03-23 11:00:00,B,782,699,22
PR01348,M005,P007,2025-12-28 07:00:00,B,696,548,26
PR01349,M019,P001,2025-05-25 21:45:00,A,911,822,38
PR01350,M001,P010,2025-11-08 05:15:00,C,677,593,19
PR01351,M013,P011,2025-07-23 02:15:00,A,441,425,4
PR01352,M002,P005,2025-08-06 04:30:00,B,618,539,27
PR01353,M004,P011,2025-04-02 05:45:00,B,998,954,23
PR01354,M015,P001,2025-01-07 05:30:00,B,431,439,11
PR01355,M020,P013,2025-12-01 21:45:00,B,732,721,29
PR01356,M004,P013,2025-09-15 11:45:00,A,643,684,40
PR01357,M009,P004,2025-08-06 17:45:00,C,990,826,36
PR01358,M004,P014,2025-11-11 23:45:00,B,745,553,11
PR01359,M001,P009,2025-08-24 11:00:00,B,913,882,19
PR01360,M002,P010,2025-04-02 09:30:00,A,727,560,13
PR01361,M005,P011,2025-07-02 23:00:00,B,844,832,8
PR01362,M017,P010,2025-08-09 08:30:00,B,769,759,14
PR01363,M004,P007,2025-01-21 02:30:00,C,681,456,23
PR01364,M009,P012,2025-02-10 10:30:00,C,732,597,9
PR01365,M008,P012,2025-02-10 13:00:00,A,496,507,18
PR01366,M006,P005,2025-07-11 18:45:00,C,520,515,15
PR01367,M014,P011,2025-12-10 01:45:00,A,485,463,3
PR01368,M004,P004,2025-05-21 08:45:00,A,913,953,38
PR01369,M019,P007,2025-01-10 22:30:00,C,526,378,19
PR01370,M011,P006,2025-11-01 10:45:00,B,787,884,5
PR01371,M002,P011,2025-08-16 04:45:00,C,810,628,12
PR01372,M017,P006,2025-02-10 20:45:00,B,874,890,9
PR01373,M019,P007,2025-05-30 10:45:00,B,990,905,36
PR01374,M013,P010,2025-01-12 09:45:00,A,540,500,17
PR01375,M013,P009,2025-02-19 12:15:00,B,516,536,7
PR01376,M004,P011,2025-06-30 06:45:00,C,913,740,35
PR01377,M015,P005,2025-11-21 20:30:00,B,814,689,22
PR01378,M015,P011,2025-03-22 05:45:00,A,595,473,24
PR01379,M020,P004,2025-12-16 03:45:00,A,894,889,36
PR01380,M001,P006,2025-11-09 19:00:00,C,913,839,23
PR01381,M013,P009,2025-05-08 05:45:00,C,1000,713,38
PR01382,M016,P015,2025-04-09 05:45:00,C,677,706,13
PR01383,M020,P008,2025-04-13 10:15:00,A,600,491,15
PR01384,M006,P004,2025-04-01 14:00:00,B,918,947,50
PR01385,M003,P013,2025-02-05 00:00:00,B,998,1039,54
PR01386,M001,P008,2025-05-14 22:00:00,B,921,792,27
PR01387,M014,P013,2025-01-31 09:45:00,A,340,281,11
PR01388,M006,P006,2025-02-23 04:30:00,B,893,844,9
PR01389,M003,P008,2025-12-03 10:15:00,C,548,555,22
PR01390,M015,P012,2025-09-09 07:30:00,B,650,552,16
PR01391,M012,P012,2025-10-18 08:00:00,B,443,337,9
PR01392,M015,P011,2025-06-07 22:15:00,B,881,859,27
PR01393,M007,P010,2025-03-21 23:15:00,B,450,440,8
PR01394,M017,P007,2025-03-17 18:00:00,B,565,460,15
PR01395,M016,P011,2025-11-13 05:30:00,A,959,763,20
PR01396,M003,P006,2025-09-26 15:15:00,A,795,805,5
PR01397,M012,P008,2025-06-08 06:15:00,B,453,382,16
PR01398,M012,P011,2025-10-19 20:00:00,A,836,811,37
PR01399,M018,P014,2025-07-24 20:00:00,A,637,563,29
PR01400,M008,P004,2025-01-29 14:15:00,C,550,535,24
PR01401,M003,P015,2025-08-22 05:00:00,A,923,743,34
PR01402,M019,P008,2025-09-25 09:00:00,B,512,467,17
PR01403,M016,P004,2025-02-20 17:00:00,A,626,665,19
PR01404,M019,P007,2025-10-05 18:15:00,A,912,834,30
PR01405,M014,P010,2025-08-15 20:15:00,B,903,883,4
PR01406,M010,P005,2025-09-10 20:15:00,C,636,549,18
PR01407,M006,P008,2025-05-08 10:30:00,A,994,903,53
PR01408,M014,P011,2025-06-13 16:45:00,B,807,664,6
PR01409,M008,P004,2025-02-18 14:30:00,B,953,932,10
PR01410,M020,P004,2025-09-14 09:30:00,C,843,730,31
PR01411,M006,P006,2025-12-11 04:30:00,C,460,346,5
PR01412,M010,P006,2025-08-31 20:45:00,A,575,474,9
PR01413,M013,P001,2025-06-06 10:30:00,B,622,517,14
PR01414,M007,P004,2025-07-01 20:15:00,C,767,780,5
PR01415,M007,P013,2025-05-12 09:30:00,A,324,279,10
PR01416,M011,P012,2025-11-13 16:45:00,B,580,410,8
PR01417,M020,P010,2025-10-31 15:00:00,B,975,892,17
PR01418,M015,P015,2025-01-31 03:00:00,B,954,791,27
PR01419,M005,P010,2025-02-26 15:15:00,B,375,320,4
PR01420,M009,P009,2025-10-21 06:00:00,C,748,569,21
PR01421,M011,P014,2025-05-30 22:00:00,B,443,498,22
PR01422,M012,P006,2025-08-17 23:15:00,A,488,433,8
PR01423,M014,P007,2025-12-13 22:30:00,B,561,543,22
PR01424,M002,P009,2025-01-25 16:00:00,B,824,696,25
PR01425,M018,P013,2025-10-03 15:30:00,A,888,759,8
PR01426,M007,P013,2025-09-30 05:00:00,A,887,939,36
PR01427,M003,P003,2025-12-17 13:30:00,C,776,727,30
PR01428,M014,P015,2025-10-22 10:45:00,A,840,802,37
PR01429,M005,P005,2025-07-25 18:30:00,A,306,285,6
PR01430,M019,P015,2025-10-27 21:30:00,B,845,751,31
PR01431,M002,P013,2025-10-23 04:15:00,A,451,362,14
PR01432,M007,P004,2025-10-04 11:00:00,B,635,664,37
PR01433,M015,P002,2025-03-25 13:30:00,B,538,575,7
PR01434,M007,P004,2025-01-14 14:15:00,B,689,540,16
PR01435,M007,P002,2025-10-30 03:00:00,B,479,395,6
PR01436,M017,P006,2025-11-06 11:30:00,B,725,552,33
PR01437,M004,P006,2025-05-11 16:00:00,B,767,530,31
PR01438,M003,P011,2025-06-08 02:45:00,C,967,826,50
PR01439,M006,P010,2025-07-19 15:00:00,A,581,579,30
PR01440,M002,P010,2025-03-07 16:15:00,A,443,423,20
PR01441,M005,P012,2025-12-05 09:30:00,C,932,822,46
PR01442,M013,P011,2025-04-03 11:00:00,B,466,359,6
PR01443,M005,P015,2025-05-16 19:30:00,B,329,294,2
PR01444,M004,P001,2025-01-24 17:45:00,B,912,958,14
PR01445,M018,P008,2025-04-25 02:45:00,A,367,180,9
PR01446,M009,P003,2025-11-05 20:00:00,B,618,566,31
PR01447,M019,P004,2025-12-03 17:30:00,A,928,925,47
PR01448,M004,P012,2025-04-23 16:15:00,B,446,381,4
PR01449,M015,P011,2025-05-25 19:00:00,C,555,465,11
PR01450,M005,P010,2025-09-24 16:30:00,C,434,411,11
PR01451,M002,P014,2025-01-18 23:45:00,A,947,705,9
PR01452,M012,P004,2025-03-24 12:30:00,C,311,309,10
PR01453,M017,P015,2025-10-23 12:45:00,B,519,455,21
PR01454,M018,P008,2025-06-22 05:30:00,C,649,693,22
PR01455,M018,P003,2025-02-19 21:30:00,A,831,684,4
PR01456,M012,P005,2025-04-27 14:00:00,B,423,352,7
PR01457,M005,P014,2025-08-12 17:00:00,C,816,672,22
PR01458,M019,P014,2025-04-24 00:15:00,C,662,536,26
PR01459,M004,P011,2025-09-26 01:30:00,A,852,725,19
PR01460,M014,P014,2025-11-22 20:15:00,A,455,402,23
PR01461,M011,P003,2025-05-23 01:45:00,C,603,483,15
PR01462,M007,P015,2025-06-03 00:00:00,C,557,538,22
PR01463,M008,P007,2025-11-10 19:00:00,A,360,383,5
PR01464,M003,P004,2025-11-27 13:45:00,B,905,746,38
PR01465,M011,P001,2025-03-13 12:00:00,C,899,975,41
PR01466,M016,P004,2025-03-02 16:30:00,C,836,664,26
PR01467,M011,P015,2025-08-13 09:00:00,B,854,830,49
PR01468,M006,P015,2025-01-21 12:30:00,C,415,396,11
PR01469,M012,P004,2025-12-21 15:30:00,C,530,530,31
PR01470,M009,P014,2025-09-11 22:45:00,C,731,571,6
PR01471,M016,P004,2025-05-22 08:30:00,C,729,700,4
PR01472,M016,P009,2025-09-11 07:45:00,C,981,833,50
PR01473,M019,P002,2025-10-17 12:45:00,A,343,269,15
PR01474,M015,P014,2025-05-03 11:45:00,B,703,655,5
PR01475,M001,P004,2025-10-21 16:00:00,C,708,675,28
PR01476,M001,P012,2025-04-03 00:30:00,B,401,287,8
PR01477,M015,P012,2025-05-10 11:30:00,C,660,707,5
PR01478,M011,P012,2025-05-15 05:15:00,B,871,907,32
PR01479,M008,P006,2025-06-28 05:45:00,B,391,286,15
PR01480,M006,P013,2025-02-21 23:00:00,B,954,788,31
PR01481,M006,P006,2025-04-14 08:45:00,A,659,524,7
PR01482,M018,P009,2025-02-27 06:30:00,A,818,808,29
PR01483,M009,P003,2025-07-23 19:00:00,C,503,361,15
PR01484,M010,P010,2025-06-24 17:30:00,C,706,467,12
PR01485,M001,P008,2025-02-12 10:15:00,A,753,767,46
PR01486,M005,P001,2025-12-22 07:15:00,B,531,487,24
PR01487,M017,P010,2025-05-05 00:45:00,B,749,608,17
PR01488,M009,P007,2025-11-18 18:45:00,B,567,538,32
PR01489,M008,P013,2025-07-06 07:30:00,C,853,742,39
PR01490,M004,P013,2025-10-24 04:00:00,C,819,794,27
PR01491,M002,P008,2025-04-27 23:30:00,C,960,1039,21
PR01492,M018,P008,2025-08-13 15:45:00,C,366,367,5
PR01493,M009,P010,2025-11-29 01:30:00,B,788,845,7
PR01494,M013,P004,2025-01-15 22:45:00,C,741,764,43
PR01495,M018,P011,2025-08-20 09:30:00,C,638,525,14
PR01496,M003,P010,2025-06-11 00:00:00,A,666,581,28
PR01497,M006,P001,2025-09-29 13:15:00,C,499,357,5
PR01498,M019,P012,2025-09-11 23:00:00,C,639,445,25
PR01499,M014,P015,2025-07-18 13:45:00,B,785,596,15
PR01500,M003,P006,2025-09-13 02:15:00,B,566,502,9
PR01501,M004,P003,2025-02-18 16:30:00,A,320,373,16
PR01502,M019,P010,2025-09-28 00:00:00,B,634,561,4
PR01503,M005,P010,2025-02-05 05:15:00,B,951,907,22
PR01504,M015,P001,2025-10-21 05:45:00,C,481,457,23
PR01505,M006,P015,2025-01-20 17:00:00,A,619,695,26
PR01506,M018,P014,2025-09-12 06:15:00,B,927,1008,57
PR01507,M013,P001,2025-08-18 03:00:00,B,646,578,18
PR01508,M017,P010,2025-01-31 15:00:00,C,832,695,29
PR01509,M010,P011,2025-12-26 17:45:00,B,859,814,38
PR01510,M011,P009,2025-07-26 13:45:00,B,384,363,12
PR01511,M017,P014,2025-11-09 12:30:00,A,809,879,38
PR01512,M006,P011,2025-04-07 02:30:00,B,901,832,30
PR01513,M014,P012,2025-01-25 17:00:00,C,348,347,12
PR01514,M004,P008,2025-09-26 05:30:00,A,997,990,55
PR01515,M002,P015,2025-04-24 22:30:00,B,374,320,12
PR01516,M011,P003,2025-04-16 22:00:00,B,597,432,8
PR01517,M014,P011,2025-04-27 11:45:00,C,345,228,4
PR01518,M009,P007,2025-12-30 20:30:00,C,509,510,21
PR01519,M020,P001,2025-01-06 13:45:00,C,686,615,20
PR01520,M003,P011,2025-12-21 12:00:00,A,759,544,23
PR01521,M013,P005,2025-03-01 05:45:00,C,368,250,5
PR01522,M007,P002,2025-05-27 09:30:00,C,411,483,13
PR01523,M013,P003,2025-09-12 06:15:00,A,830,879,15
PR01524,M005,P008,2025-12-22 02:15:00,C,746,706,21
PR01525,M009,P015,2025-01-22 21:15:00,A,515,511,7
PR01526,M010,P009,2025-06-29 14:15:00,A,959,712,18
PR01527,M008,P010,2025-04-26 05:15:00,C,643,550,5
PR01528,M004,P011,2025-05-28 17:15:00,A,446,436,10
PR01529,M004,P011,2025-07-29 16:00:00,A,933,909,6
PR01530,M019,P002,2025-01-04 12:00:00,A,876,619,16
PR01531,M010,P011,2025-11-18 01:00:00,C,320,375,15
PR01532,M015,P008,2025-07-18 14:15:00,A,999,852,16
PR01533,M009,P015,2025-08-21 17:30:00,A,529,394,23
PR01534,M015,P007,2025-07-08 23:00:00,C,742,733,9
PR01535,M014,P008,2025-10-05 07:45:00,C,428,387,11
PR01536,M013,P003,2025-08-20 14:45:00,C,774,725,17
PR01537,M020,P006,2025-09-29 06:15:00,B,522,432,19
PR01538,M016,P002,2025-10-08 13:30:00,C,959,761,20
PR01539,M013,P015,2025-11-30 14:30:00,C,938,824,44
PR01540,M006,P005,2025-08-10 05:45:00,C,324,344,9
PR01541,M015,P004,2025-12-15 18:15:00,C,956,831,23
PR01542,M002,P011,2025-03-08 15:30:00,A,925,954,37
PR01543,M012,P004,2025-02-03 02:00:00,C,308,345,3
PR01544,M019,P015,2025-03-19 06:30:00,B,367,289,16
PR01545,M006,P007,2025-09-01 10:15:00,A,596,501,27
PR01546,M009,P012,2025-09-30 19:45:00,A,462,407,16
PR01547,M016,P003,2025-02-28 21:15:00,A,755,640,20
PR01548,M001,P008,2025-10-28 22:30:00,C,751,717,11
PR01549,M013,P015,2025-10-18 11:30:00,A,387,419,9
PR01550,M003,P006,2025-02-26 21:15:00,C,949,801,35
PR01551,M001,P008,2025-09-11 00:45:00,B,473,402,24
PR01552,M011,P001,2025-03-27 01:15:00,B,613,541,32
PR01553,M019,P001,2025-12-03 14:00:00,B,640,654,26
PR01554,M009,P012,2025-07-14 06:45:00,B,689,663,29
PR01555,M007,P008,2025-06-21 11:45:00,B,716,720,14
PR01556,M011,P014,2025-05-17 02:45:00,C,987,765,32
PR01557,M008,P013,2025-02-28 00:15:00,A,409,336,12
PR01558,M005,P010,2025-02-08 00:00:00,C,649,682,27
PR01559,M003,P003,2025-08-24 20:30:00,A,980,782,12
PR01560,M013,P006,2025-02-16 00:45:00,C,538,466,21
PR01561,M019,P014,2025-09-29 06:45:00,A,502,435,13
PR01562,M005,P015,2025-08-15 05:00:00,C,381,300,5
PR01563,M013,P011,2025-10-22 06:00:00,C,377,331,6
PR01564,M009,P014,2025-06-01 19:45:00,B,818,730,12
PR01565,M002,P002,2025-05-04 16:00:00,B,970,998,14
PR01566,M015,P001,2025-06-26 23:00:00,C,934,901,26
PR01567,M003,P010,2025-12-12 02:30:00,B,902,946,36
PR01568,M016,P006,2025-06-13 14:30:00,C,791,647,14
PR01569,M013,P008,2025-04-08 07:15:00,B,343,271,6
PR01570,M005,P013,2025-08-20 04:15:00,B,694,643,4
PR01571,M005,P010,2025-07-15 20:15:00,A,709,545,30
PR01572,M007,P001,2025-04-22 03:00:00,B,700,649,13
PR01573,M014,P014,2025-07-20 05:30:00,A,862,724,23
PR01574,M011,P012,2025-09-07 21:00:00,B,661,749,7
PR01575,M010,P011,2025-11-08 09:15:00,A,540,465,15
PR01576,M020,P003,2025-06-23 20:30:00,C,1000,944,36
PR01577,M014,P004,2025-05-25 10:30:00,A,431,380,11
PR01578,M016,P013,2025-06-17 22:15:00,B,620,586,32
PR01579,M008,P012,2025-10-12 10:30:00,C,499,581,21
PR01580,M011,P009,2025-11-09 07:15:00,A,800,725,39
PR01581,M009,P002,2025-07-16 04:30:00,B,383,276,16
PR01582,M016,P004,2025-07-19 06:30:00,A,446,397,19
PR01583,M011,P008,2025-11-21 00:30:00,B,664,656,13
PR01584,M020,P002,2025-11-06 17:15:00,B,961,759,42
PR01585,M001,P005,2025-02-01 23:15:00,B,836,830,23
PR01586,M014,P002,2025-04-15 04:30:00,B,325,298,12
PR01587,M009,P008,2025-08-27 04:45:00,B,940,827,18
PR01588,M001,P002,2025-04-12 22:45:00,A,591,492,6
PR01589,M014,P011,2025-06-17 17:45:00,B,677,539,3
PR01590,M010,P006,2025-07-22 05:30:00,C,927,917,6
PR01591,M006,P012,2025-10-19 01:00:00,A,435,408,4
PR01592,M003,P008,2025-02-17 11:30:00,B,646,475,11
PR01593,M007,P008,2025-10-07 01:45:00,A,957,946,9
PR01594,M001,P001,2025-03-01 08:15:00,C,545,362,15
PR01595,M005,P009,2025-12-24 07:45:00,B,343,257,15
PR01596,M001,P011,2025-06-15 12:45:00,C,319,203,4
PR01597,M012,P012,2025-12-23 13:00:00,A,341,295,9
PR01598,M020,P005,2025-10-25 11:15:00,B,706,568,20
PR01599,M009,P007,2025-10-12 11:45:00,A,463,473,7
PR01600,M017,P013,2025-11-30 09:45:00,B,329,263,15
PR01601,M019,P012,2025-04-15 05:00:00,C,342,358,6
PR01602,M002,P011,2025-06-02 22:15:00,C,907,971,24
PR01603,M011,P004,2025-04-28 18:30:00,B,522,463,7
PR01604,M006,P015,2025-07-18 23:30:00,B,768,848,32
PR01605,M001,P010,2025-09-03 17:30:00,A,983,1012,54
PR01606,M006,P002,2025-01-06 08:00:00,A,610,585,26
PR01607,M010,P013,2025-07-08 06:15:00,A,733,704,29
PR01608,M007,P002,2025-03-03 09:15:00,C,569,524,29
PR01609,M019,P012,2025-12-16 00:45:00,C,478,369,19
PR01610,M005,P004,2025-05-20 08:00:00,A,876,795,36
PR01611,M001,P010,2025-07-23 21:45:00,A,330,206,3
PR01612,M009,P001,2025-12-03 02:30:00,C,588,592,10
PR01613,M014,P009,2025-05-20 06:15:00,C,758,777,28
PR01614,M015,P014,2025-09-08 07:00:00,B,593,504,19
PR01615,M012,P007,2025-10-06 05:30:00,A,974,1011,23
PR01616,M005,P014,2025-10-25 12:30:00,C,778,792,37
PR01617,M012,P011,2025-09-11 21:45:00,B,668,735,9
PR01618,M005,P010,2025-08-19 17:15:00,B,343,303,17
PR01619,M003,P014,2025-10-04 20:15:00,B,887,693,30
PR01620,M018,P011,2025-02-27 16:00:00,A,832,608,3
PR01621,M013,P009,2025-04-27 21:30:00,C,800,603,21
PR01622,M008,P011,2025-07-21 07:30:00,C,717,632,38
PR01623,M003,P012,2025-08-21 04:15:00,B,300,374,12
PR01624,M007,P001,2025-05-04 12:30:00,A,514,458,5
PR01625,M004,P007,2025-01-16 09:00:00,B,512,405,8
PR01626,M007,P005,2025-12-05 12:00:00,B,911,741,20
PR01627,M011,P006,2025-11-14 18:45:00,A,950,934,6
PR01628,M014,P012,2025-05-11 22:45:00,C,692,696,33
PR01629,M009,P009,2025-11-14 11:45:00,A,327,338,3
PR01630,M020,P008,2025-02-12 07:00:00,A,765,642,15
PR01631,M001,P015,2025-06-15 09:45:00,C,521,534,20
PR01632,M018,P011,2025-08-16 02:15:00,C,774,664,24
PR01633,M010,P010,2025-01-25 08:00:00,B,829,767,11
PR01634,M001,P007,2025-08-07 03:15:00,C,378,282,9
PR01635,M016,P004,2025-12-01 05:45:00,C,344,297,11
PR01636,M020,P010,2025-08-16 22:00:00,A,403,383,5
PR01637,M004,P007,2025-08-13 15:30:00,B,740,485,19
PR01638,M003,P005,2025-01-18 08:45:00,C,870,838,7
PR01639,M006,P002,2025-07-03 15:45:00,C,819,920,11
PR01640,M018,P005,2025-04-06 21:15:00,B,756,684,24
PR01641,M005,P012,2025-02-04 21:15:00,C,896,755,10
PR01642,M017,P011,2025-07-20 00:30:00,B,361,317,2
PR01643,M007,P004,2025-10-27 16:00:00,C,610,684,36
PR01644,M018,P014,2025-09-01 15:45:00,A,519,452,12
PR01645,M003,P010,2025-03-16 21:15:00,A,822,638,38
PR01646,M009,P007,2025-05-07 20:45:00,A,940,759,13
PR01647,M020,P014,2025-08-10 01:30:00,A,704,476,13
PR01648,M008,P010,2025-03-07 15:45:00,C,961,922,37
PR01649,M005,P013,2025-05-28 15:00:00,C,743,656,29
PR01650,M011,P005,2025-01-21 11:30:00,C,702,599,24
PR01651,M018,P015,2025-11-06 10:30:00,C,781,653,28
PR01652,M011,P009,2025-11-06 19:15:00,C,780,703,30
PR01653,M008,P006,2025-11-12 20:00:00,B,557,593,22
PR01654,M011,P009,2025-05-03 18:15:00,C,656,673,10
PR01655,M005,P013,2025-07-30 08:30:00,C,912,763,41
PR01656,M015,P010,2025-06-01 06:30:00,C,855,735,12
PR01657,M016,P006,2025-03-30 03:30:00,A,953,730,17
PR01658,M009,P010,2025-07-20 15:30:00,A,881,751,18
PR01659,M016,P008,2025-05-10 03:45:00,C,863,950,54
PR01660,M016,P010,2025-10-26 08:45:00,A,503,411,24
PR01661,M002,P001,2025-09-01 13:45:00,A,620,487,24
PR01662,M014,P004,2025-05-23 03:30:00,A,430,461,26
PR01663,M008,P004,2025-12-05 18:00:00,A,310,291,6
PR01664,M001,P009,2025-11-13 19:30:00,C,865,725,13
PR01665,M020,P005,2025-06-12 07:15:00,B,692,484,5
PR01666,M006,P015,2025-03-05 03:15:00,A,716,514,16
PR01667,M013,P008,2025-04-23 08:00:00,A,303,228,9
PR01668,M013,P014,2025-04-29 03:00:00,C,718,744,22
PR01669,M011,P001,2025-07-14 00:30:00,B,510,467,16
PR01670,M003,P010,2025-09-17 19:45:00,C,752,709,18
PR01671,M010,P015,2025-12-16 12:15:00,A,713,553,10
PR01672,M003,P008,2025-07-14 19:45:00,C,324,346,12
PR01673,M003,P007,2025-01-12 12:30:00,B,668,516,28
PR01674,M006,P003,2025-06-28 07:30:00,A,675,711,14
PR01675,M006,P002,2025-10-27 20:15:00,C,337,322,3
PR01676,M015,P003,2025-12-23 17:00:00,B,556,461,26
PR01677,M003,P010,2025-03-14 13:30:00,A,490,377,7
PR01678,M006,P004,2025-10-21 20:15:00,A,595,585,33
PR01679,M015,P009,2025-04-11 19:00:00,B,368,360,12
PR01680,M006,P013,2025-04-02 04:15:00,B,551,614,14
PR01681,M020,P014,2025-09-20 00:00:00,B,703,560,7
PR01682,M008,P003,2025-10-21 08:45:00,C,551,493,22
PR01683,M013,P009,2025-11-07 01:00:00,C,686,518,17
PR01684,M020,P010,2025-07-26 16:45:00,C,962,1061,26
PR01685,M020,P006,2025-07-27 08:45:00,B,470,360,6
PR01686,M011,P008,2025-03-01 19:45:00,A,691,591,15
PR01687,M005,P011,2025-01-09 06:45:00,B,953,899,42
PR01688,M009,P008,2025-07-22 07:15:00,B,316,344,19
PR01689,M005,P015,2025-08-27 22:45:00,C,680,670,5
PR01690,M014,P002,2025-02-21 09:30:00,C,354,308,17
PR01691,M007,P005,2025-05-31 11:45:00,C,341,387,9
PR01692,M002,P001,2025-03-26 00:00:00,C,449,414,15
PR01693,M011,P005,2025-04-22 20:30:00,B,324,261,6
PR01694,M017,P001,2025-01-27 16:00:00,C,748,784,23
PR01695,M009,P003,2025-10-08 23:00:00,A,457,445,13
PR01696,M010,P001,2025-04-11 02:45:00,A,582,537,4
PR01697,M007,P001,2025-04-10 13:15:00,A,727,760,28
PR01698,M006,P015,2025-03-25 01:30:00,C,794,772,13
PR01699,M016,P005,2025-09-10 03:00:00,C,985,911,54
PR01700,M019,P009,2025-10-13 17:30:00,C,946,879,30
PR01701,M010,P008,2025-05-23 19:15:00,C,531,513,29
PR01702,M008,P014,2025-07-27 01:30:00,A,563,438,6
PR01703,M019,P006,2025-05-08 14:15:00,B,400,352,10
PR01704,M003,P013,2025-02-11 07:15:00,B,938,837,47
PR01705,M004,P005,2025-01-30 13:45:00,A,742,567,32
PR01706,M008,P005,2025-09-07 15:45:00,A,902,720,21
PR01707,M003,P013,2025-11-09 05:30:00,C,463,376,4
PR01708,M005,P001,2025-01-05 04:45:00,A,804,800,45
PR01709,M012,P011,2025-08-30 05:00:00,C,436,389,22
PR01710,M019,P002,2025-02-14 01:15:00,A,617,474,3
PR01711,M010,P010,2025-11-11 00:15:00,C,474,513,10
PR01712,M009,P003,2025-02-06 19:30:00,C,441,292,11
PR01713,M006,P012,2025-12-25 16:00:00,B,808,755,39
PR01714,M014,P013,2025-08-20 11:30:00,A,600,565,28
PR01715,M019,P015,2025-06-08 21:30:00,A,515,428,4
PR01716,M011,P012,2025-03-17 03:45:00,B,429,348,3
PR01717,M019,P005,2025-10-24 07:45:00,C,745,693,29
PR01718,M003,P001,2025-04-18 15:00:00,A,672,500,8
PR01719,M015,P003,2025-05-10 12:15:00,B,809,777,41
PR01720,M006,P005,2025-12-29 13:30:00,B,880,896,14
PR01721,M009,P015,2025-02-17 15:30:00,A,451,358,12
PR01722,M020,P006,2025-04-03 13:00:00,B,309,325,14
PR01723,M017,P005,2025-01-02 03:45:00,C,813,676,35
PR01724,M002,P008,2025-07-20 16:15:00,C,745,785,35
PR01725,M019,P011,2025-10-30 17:30:00,A,851,891,5
PR01726,M019,P004,2025-08-31 13:45:00,B,923,862,48
PR01727,M008,P001,2025-05-16 09:00:00,A,534,482,3
PR01728,M009,P009,2025-08-19 07:45:00,C,302,247,14
PR01729,M018,P005,2025-08-02 00:30:00,A,914,830,29
PR01730,M014,P002,2025-05-01 12:30:00,B,481,442,7
PR01731,M010,P011,2025-11-28 07:45:00,B,321,294,4
PR01732,M010,P005,2025-08-01 05:45:00,C,508,475,12
PR01733,M008,P002,2025-12-21 17:00:00,B,378,454,2
PR01734,M018,P008,2025-04-02 03:45:00,C,645,444,21
PR01735,M018,P005,2025-03-04 15:30:00,C,385,345,17
PR01736,M017,P014,2025-01-10 19:00:00,C,364,295,7
PR01737,M004,P013,2025-10-01 06:45:00,C,946,782,36
PR01738,M019,P012,2025-07-26 06:15:00,C,494,495,16
PR01739,M011,P011,2025-02-04 23:15:00,B,972,1035,31
PR01740,M001,P011,2025-04-12 01:00:00,B,763,557,20
PR01741,M020,P009,2025-11-29 10:45:00,C,307,338,17
PR01742,M011,P002,2025-03-01 18:15:00,C,784,693,41
PR01743,M002,P005,2025-01-17 20:30:00,C,551,471,25
PR01744,M014,P002,2025-03-12 22:30:00,C,688,717,15
PR01745,M006,P012,2025-07-06 02:45:00,A,615,600,12
PR01746,M011,P006,2025-03-12 16:00:00,A,671,515,30
PR01747,M018,P013,2025-04-04 18:15:00,C,896,907,47
PR01748,M013,P013,2025-02-10 22:30:00,A,865,856,9
PR01749,M019,P001,2025-06-09 13:00:00,A,973,816,8
PR01750,M006,P010,2025-09-02 01:45:00,C,669,560,6
PR01751,M001,P008,2025-05-07 02:30:00,A,472,419,4
PR01752,M001,P011,2025-12-29 04:15:00,C,998,875,52
PR01753,M007,P014,2025-05-20 18:15:00,C,804,760,32
PR01754,M019,P005,2025-05-30 11:15:00,B,714,773,21
PR01755,M019,P004,2025-05-08 19:00:00,C,730,591,7
PR01756,M004,P011,2025-05-10 22:15:00,A,890,699,28
PR01757,M005,P004,2025-03-09 22:00:00,B,536,577,25
PR01758,M001,P007,2025-02-27 18:00:00,A,967,713,8
PR01759,M014,P007,2025-06-24 06:45:00,C,447,335,8
PR01760,M005,P004,2025-09-23 21:30:00,B,754,708,37
PR01761,M015,P003,2025-06-30 06:15:00,A,801,716,4
PR01762,M010,P003,2025-01-31 23:45:00,B,836,700,19
PR01763,M010,P011,2025-05-24 05:45:00,A,314,281,8
PR01764,M016,P004,2025-08-19 06:30:00,B,788,828,16
PR01765,M005,P002,2025-03-10 00:15:00,B,960,876,29
PR01766,M010,P012,2025-07-09 16:30:00,B,401,412,17
PR01767,M018,P014,2025-01-11 02:00:00,C,547,570,33
PR01768,M005,P001,2025-10-22 16:15:00,B,942,873,30
PR01769,M014,P005,2025-12-20 17:45:00,C,881,720,33
PR01770,M020,P010,2025-05-20 18:15:00,C,943,818,42
PR01771,M012,P008,2025-07-02 03:45:00,A,783,764,40
PR01772,M003,P002,2025-09-30 10:45:00,C,533,447,16
PR01773,M018,P008,2025-03-12 07:45:00,C,344,174,2
PR01774,M001,P015,2025-03-11 07:15:00,C,523,507,4
PR01775,M008,P010,2025-07-29 03:30:00,A,958,870,21
PR01776,M006,P011,2025-02-17 08:15:00,C,345,315,6
PR01777,M019,P005,2025-01-04 15:15:00,A,721,783,14
PR01778,M006,P001,2025-08-07 22:30:00,C,665,684,24
PR01779,M006,P004,2025-02-19 20:00:00,A,983,815,37
PR01780,M020,P003,2025-04-12 04:30:00,A,771,590,18
PR01781,M005,P012,2025-03-02 23:15:00,A,675,660,28
PR01782,M006,P011,2025-03-23 15:45:00,B,307,220,2
PR01783,M006,P005,2025-02-25 02:15:00,C,516,353,15
PR01784,M018,P011,2025-09-24 22:30:00,C,763,612,37
PR01785,M007,P015,2025-04-21 14:45:00,C,476,455,9
PR01786,M003,P014,2025-01-11 06:45:00,C,602,488,17
PR01787,M016,P007,2025-03-01 22:15:00,C,355,259,3
PR01788,M008,P013,2025-10-25 22:15:00,A,354,239,8
PR01789,M009,P006,2025-05-04 01:00:00,C,547,537,5
PR01790,M005,P013,2025-03-11 05:00:00,A,737,682,35
PR01791,M003,P012,2025-12-24 20:00:00,B,830,607,24
PR01792,M001,P013,2025-08-24 05:30:00,C,645,484,23
PR01793,M003,P012,2025-12-20 00:00:00,A,385,325,12
PR01794,M020,P001,2025-09-04 03:45:00,C,851,748,6
PR01795,M010,P005,2025-03-18 11:30:00,A,688,673,14
PR01796,M010,P008,2025-02-13 17:15:00,C,914,838,29
PR01797,M017,P007,2025-02-09 04:15:00,B,595,543,17
PR01798,M013,P006,2025-01-14 01:00:00,C,302,260,14
PR01799,M014,P003,2025-06-24 02:30:00,B,828,698,8
PR01800,M006,P013,2025-09-19 07:30:00,C,678,677,17
PR01801,M014,P010,2025-07-12 23:00:00,C,865,837,14
PR01802,M017,P003,2025-10-13 14:30:00,A,317,308,15
PR01803,M018,P015,2025-02-03 01:30:00,C,348,385,13
PR01804,M016,P015,2025-01-03 08:30:00,A,959,732,42
PR01805,M003,P003,2025-09-22 06:45:00,C,492,473,6
PR01806,M010,P007,2025-07-24 19:30:00,B,474,441,18
PR01807,M014,P004,2025-03-23 00:15:00,A,729,762,39
PR01808,M010,P011,2025-06-08 08:00:00,B,773,841,42
PR01809,M012,P006,2025-03-22 11:30:00,C,597,650,11
PR01810,M001,P011,2025-12-16 05:30:00,A,496,538,30
PR01811,M017,P009,2025-08-29 12:30:00,A,721,752,43
PR01812,M017,P003,2025-04-26 23:00:00,B,677,514,22
PR01813,M010,P011,2025-06-19 23:15:00,C,776,712,17
PR01814,M012,P004,2025-01-30 09:15:00,C,509,485,8
PR01815,M004,P012,2025-05-12 18:30:00,C,425,370,4
PR01816,M007,P004,2025-08-21 16:45:00,C,426,409,16
PR01817,M014,P014,2025-02-16 20:15:00,A,804,616,11
PR01818,M017,P014,2025-02-09 02:45:00,B,635,701,7
PR01819,M019,P002,2025-10-10 23:00:00,B,310,327,16
PR01820,M013,P006,2025-08-01 03:15:00,B,911,836,5
PR01821,M014,P015,2025-11-23 22:45:00,A,570,581,34
PR01822,M005,P015,2025-11-14 21:15:00,A,701,555,27
PR01823,M010,P004,2025-02-09 09:00:00,A,426,411,5
PR01824,M014,P004,2025-07-23 16:45:00,A,651,630,23
PR01825,M009,P015,2025-03-22 06:15:00,A,375,297,3
PR01826,M002,P014,2025-12-23 23:30:00,B,433,424,12
PR01827,M002,P009,2025-11-19 00:30:00,C,543,458,22
PR01828,M002,P004,2025-02-19 03:15:00,A,736,760,5
PR01829,M013,P003,2025-09-24 06:30:00,C,699,553,26
PR01830,M007,P005,2025-08-22 02:30:00,B,517,350,5
PR01831,M016,P007,2025-07-02 01:45:00,C,821,738,29
PR01832,M002,P002,2025-11-26 04:15:00,A,837,860,18
PR01833,M018,P012,2025-06-05 17:00:00,C,840,909,16
PR01834,M004,P001,2025-03-11 13:00:00,A,517,384,10
PR01835,M003,P013,2025-12-08 11:45:00,B,318,330,12
PR01836,M009,P010,2025-05-27 18:15:00,A,316,319,10
PR01837,M018,P011,2025-07-26 19:45:00,C,939,826,18
PR01838,M018,P013,2025-11-04 23:45:00,B,391,450,10
PR01839,M010,P010,2025-10-24 12:15:00,C,450,383,12
PR01840,M008,P005,2025-04-10 05:15:00,A,410,327,16
PR01841,M004,P008,2025-08-09 12:00:00,B,717,721,10
PR01842,M008,P009,2025-01-16 20:45:00,C,478,480,11
PR01843,M001,P014,2025-04-23 10:30:00,B,965,798,43
PR01844,M019,P010,2025-01-02 11:45:00,B,979,741,10
PR01845,M009,P002,2025-06-24 00:15:00,C,715,634,18
PR01846,M007,P001,2025-07-15 18:45:00,C,652,606,5
PR01847,M011,P010,2025-09-04 13:00:00,B,988,1051,52
PR01848,M019,P013,2025-03-03 08:15:00,B,573,455,6
PR01849,M017,P007,2025-09-18 08:00:00,C,330,367,2
PR01850,M013,P009,2025-07-20 12:00:00,A,356,321,19
PR01851,M003,P007,2025-02-08 02:15:00,C,926,846,6
PR01852,M011,P001,2025-01-29 19:30:00,B,382,302,12
PR01853,M012,P004,2025-07-28 05:15:00,C,896,921,7
PR01854,M013,P003,2025-05-24 08:00:00,A,807,671,25
PR01855,M003,P012,2025-08-18 04:45:00,B,721,667,24
PR01856,M020,P002,2025-11-17 15:45:00,B,348,355,13
PR01857,M005,P015,2025-01-12 12:30:00,B,368,406,4
PR01858,M004,P008,2025-07-03 22:15:00,C,507,464,27
PR01859,M020,P003,2025-02-10 14:00:00,A,509,539,6
PR01860,M011,P003,2025-07-14 03:15:00,B,732,577,19
PR01861,M010,P005,2025-09-11 17:30:00,B,685,526,22
PR01862,M013,P005,2025-10-31 01:15:00,C,892,759,10
PR01863,M004,P007,2025-01-23 03:45:00,B,582,515,22
PR01864,M017,P003,2025-10-01 03:15:00,A,774,776,25
PR01865,M006,P002,2025-02-08 00:15:00,C,954,654,23
PR01866,M016,P013,2025-04-10 08:45:00,C,475,443,11
PR01867,M008,P015,2025-12-18 19:45:00,A,539,552,28
PR01868,M015,P012,2025-09-21 05:30:00,A,718,506,9
PR01869,M013,P014,2025-09-10 22:45:00,B,712,726,32
PR01870,M018,P003,2025-05-01 12:15:00,A,315,267,1
PR01871,M012,P001,2025-12-04 05:15:00,B,529,491,29
PR01872,M003,P009,2025-10-04 14:00:00,C,571,513,7
PR01873,M018,P010,2025-03-31 02:15:00,C,635,645,37
PR01874,M018,P014,2025-12-16 08:15:00,A,740,687,24
PR01875,M018,P007,2025-03-23 04:00:00,C,638,694,12
PR01876,M010,P015,2025-11-03 22:30:00,C,819,859,35
PR01877,M002,P012,2025-06-22 23:00:00,C,962,694,23
PR01878,M015,P007,2025-08-14 02:30:00,B,483,429,15
PR01879,M020,P002,2025-04-11 17:15:00,C,326,312,3
PR01880,M018,P003,2025-11-18 21:45:00,C,806,768,25
PR01881,M002,P013,2025-10-22 13:45:00,C,457,496,8
PR01882,M008,P006,2025-09-30 10:00:00,A,708,704,30
PR01883,M020,P006,2025-12-23 08:00:00,C,979,948,25
PR01884,M018,P003,2025-08-22 18:00:00,C,331,405,6
PR01885,M005,P006,2025-06-25 11:30:00,C,557,399,11
PR01886,M019,P014,2025-05-31 05:15:00,B,949,1003,43
PR01887,M006,P005,2025-07-20 07:15:00,A,859,988,23
PR01888,M016,P003,2025-12-17 21:30:00,B,491,410,10
PR01889,M020,P013,2025-07-19 05:15:00,C,713,766,18
PR01890,M012,P006,2025-07-09 03:15:00,A,816,672,30
PR01891,M016,P013,2025-11-27 15:30:00,C,695,732,17
PR01892,M004,P015,2025-05-28 08:15:00,C,307,240,9
PR01893,M011,P010,2025-09-20 18:00:00,A,415,418,7
PR01894,M011,P005,2025-05-18 01:00:00,B,672,522,11
PR01895,M014,P008,2025-02-25 10:30:00,C,507,380,20
PR01896,M001,P010,2025-09-26 03:15:00,B,736,615,14
PR01897,M015,P007,2025-03-18 22:00:00,C,590,629,15
PR01898,M005,P013,2025-09-28 03:45:00,B,874,639,29
PR01899,M013,P003,2025-01-04 08:30:00,A,432,303,14
PR01900,M019,P009,2025-06-19 17:45:00,B,726,534,12
PR01901,M011,P012,2025-08-19 17:45:00,C,586,505,12
PR01902,M011,P013,2025-05-24 17:30:00,C,902,822,21
PR01903,M014,P006,2025-11-11 09:15:00,A,814,698,41
PR01904,M008,P010,2025-03-11 00:00:00,C,343,246,5
PR01905,M011,P014,2025-04-29 02:15:00,B,434,462,5
PR01906,M007,P011,2025-02-05 06:00:00,C,631,436,3
PR01907,M013,P007,2025-08-06 17:15:00,C,998,732,25
PR01908,M008,P007,2025-11-14 22:45:00,B,447,467,24
PR01909,M006,P015,2025-11-23 14:30:00,B,958,832,43
PR01910,M018,P013,2025-05-28 06:00:00,A,838,651,32
PR01911,M010,P010,2025-03-10 06:00:00,A,429,382,2
PR01912,M016,P003,2025-01-31 12:00:00,A,392,408,11
PR01913,M015,P003,2025-10-11 14:30:00,A,324,299,13
PR01914,M018,P011,2025-06-29 15:45:00,B,628,476,28
PR01915,M017,P014,2025-09-05 04:45:00,C,458,501,20
PR01916,M006,P012,2025-08-21 12:15:00,B,404,337,12
PR01917,M007,P015,2025-03-03 20:45:00,C,479,347,17
PR01918,M019,P010,2025-12-02 18:15:00,C,329,254,4
PR01919,M019,P002,2025-04-20 23:45:00,C,475,499,21
PR01920,M012,P012,2025-06-05 07:15:00,A,542,503,12
PR01921,M015,P012,2025-10-23 17:15:00,C,627,564,18
PR01922,M019,P006,2025-09-10 07:15:00,B,702,613,35
PR01923,M019,P008,2025-05-10 18:45:00,A,925,959,37
PR01924,M008,P011,2025-04-06 18:15:00,C,750,608,5
PR01925,M018,P015,2025-08-28 16:45:00,C,415,314,4
PR01926,M004,P003,2025-05-05 04:15:00,B,328,270,13
PR01927,M016,P010,2025-07-23 23:00:00,C,861,689,32
PR01928,M012,P011,2025-08-27 16:45:00,C,657,637,27
PR01929,M002,P004,2025-07-02 05:15:00,A,952,925,52
PR01930,M019,P006,2025-05-23 09:15:00,A,697,635,32
PR01931,M003,P001,2025-08-24 02:30:00,A,466,527,30
PR01932,M003,P005,2025-11-26 18:15:00,A,900,858,36
PR01933,M016,P002,2025-09-02 08:15:00,A,358,338,9
PR01934,M013,P001,2025-12-18 18:45:00,C,395,374,4
PR01935,M015,P007,2025-03-19 23:15:00,B,418,371,16
PR01936,M003,P002,2025-12-05 04:00:00,A,417,427,20
PR01937,M005,P012,2025-07-15 12:00:00,B,432,500,3
PR01938,M007,P001,2025-12-05 23:45:00,B,554,451,18
PR01939,M010,P013,2025-10-20 06:45:00,C,689,530,16
PR01940,M018,P011,2025-02-23 04:30:00,B,480,351,7
PR01941,M020,P005,2025-11-17 16:15:00,B,645,636,8
PR01942,M013,P014,2025-03-07 00:15:00,A,675,713,17
PR01943,M001,P013,2025-12-02 00:15:00,A,982,874,32
PR01944,M012,P009,2025-04-28 14:00:00,B,445,415,12
PR01945,M003,P015,2025-10-04 11:45:00,C,614,657,13
PR01946,M012,P010,2025-03-21 00:15:00,A,793,886,25
PR01947,M003,P007,2025-09-03 07:45:00,B,584,423,19
PR01948,M017,P011,2025-10-30 00:45:00,A,533,401,21
PR01949,M010,P001,2025-06-25 10:30:00,A,462,450,8
PR01950,M016,P010,2025-01-31 03:00:00,C,930,745,41
PR01951,M012,P006,2025-08-20 11:45:00,B,615,549,26
PR01952,M009,P008,2025-08-06 05:15:00,B,557,531,6
PR01953,M007,P001,2025-01-02 03:00:00,C,868,689,8
PR01954,M003,P008,2025-07-31 17:15:00,A,402,396,8
PR01955,M004,P003,2025-08-05 16:00:00,C,857,667,17
PR01956,M007,P009,2025-01-16 23:00:00,A,650,665,20
PR01957,M010,P006,2025-07-29 14:00:00,C,552,401,23
PR01958,M007,P001,2025-05-22 15:30:00,A,504,478,7
PR01959,M014,P010,2025-10-17 13:15:00,B,657,567,16
PR01960,M007,P010,2025-09-12 00:15:00,B,423,384,9
PR01961,M003,P009,2025-03-22 14:30:00,A,747,759,19
PR01962,M013,P007,2025-03-12 22:45:00,B,319,241,14
PR01963,M019,P008,2025-02-21 09:30:00,C,941,879,7
PR01964,M019,P004,2025-08-28 03:30:00,C,338,183,8
PR01965,M006,P001,2025-10-10 02:30:00,B,887,640,6
PR01966,M016,P015,2025-11-09 19:00:00,B,903,868,44
PR01967,M004,P014,2025-11-07 16:45:00,B,954,800,23
PR01968,M004,P003,2025-07-15 19:30:00,A,404,366,10
PR01969,M011,P007,2025-09-06 09:00:00,A,796,708,10
PR01970,M020,P008,2025-04-18 23:30:00,A,896,854,10
PR01971,M007,P008,2025-02-04 22:30:00,A,469,537,7
PR01972,M006,P011,2025-09-21 14:15:00,C,408,236,2
PR01973,M003,P004,2025-12-04 00:30:00,B,397,443,26
PR01974,M015,P001,2025-12-17 22:45:00,C,450,444,4
PR01975,M013,P015,2025-10-03 16:30:00,B,977,909,53
PR01976,M012,P009,2025-06-05 17:15:00,C,464,398,12
PR01977,M001,P005,2025-04-30 18:45:00,C,819,740,6
PR01978,M006,P014,2025-01-24 13:45:00,A,627,540,5
PR01979,M006,P009,2025-07-14 18:00:00,B,606,609,6
PR01980,M017,P003,2025-12-12 18:30:00,B,469,466,13
PR01981,M004,P005,2025-07-20 18:45:00,A,980,925,16
PR01982,M018,P011,2025-10-25 13:00:00,A,663,626,20
PR01983,M013,P006,2025-04-01 15:30:00,A,990,1015,24
PR01984,M020,P015,2025-08-24 18:45:00,B,486,359,3
PR01985,M014,P001,2025-12-26 20:30:00,B,924,737,42
PR01986,M018,P006,2025-08-20 16:30:00,A,455,322,2
PR01987,M018,P003,2025-07-17 04:15:00,A,664,619,12
PR01988,M017,P004,2025-09-15 18:15:00,C,572,571,20
PR01989,M020,P010,2025-01-22 13:15:00,A,564,547,19
PR01990,M004,P010,2025-08-06 00:00:00,C,391,408,7
PR01991,M001,P006,2025-05-08 11:15:00,A,509,516,23
PR01992,M011,P013,2025-05-08 01:30:00,C,628,593,6
PR01993,M014,P006,2025-01-12 05:30:00,C,585,552,21
PR01994,M013,P014,2025-01-17 06:30:00,A,580,424,15
PR01995,M018,P011,2025-08-29 23:45:00,A,366,384,13
PR01996,M004,P005,2025-10-07 17:00:00,A,710,649,23
PR01997,M006,P015,2025-08-15 08:45:00,B,829,870,20
PR01998,M020,P013,2025-11-17 12:30:00,A,859,764,32
PR01999,M003,P006,2025-12-24 18:45:00,B,933,841,30
PR02000,M005,P012,2025-10-29 08:30:00,C,975,758,9
PR02001,M002,P006,2025-12-14 05:00:00,A,789,852,46
PR02002,M020,P009,2025-02-06 15:00:00,C,732,787,7
PR02003,M019,P005,2025-07-22 06:45:00,B,621,553,6
PR02004,M020,P011,2025-07-10 19:00:00,C,688,608,5
PR02005,M013,P007,2025-10-21 09:15:00,C,605,532,11
PR02006,M014,P005,2025-05-21 23:45:00,A,741,656,5
PR02007,M001,P010,2025-01-08 09:30:00,B,733,718,25
PR02008,M001,P007,2025-06-07 10:15:00,A,496,499,25
PR02009,M014,P006,2025-05-05 11:30:00,C,714,753,11
PR02010,M012,P004,2025-05-29 01:00:00,A,706,602,23
PR02011,M015,P007,2025-01-05 22:45:00,B,464,492,7
PR02012,M020,P002,2025-12-22 21:45:00,B,618,548,26
PR02013,M017,P014,2025-01-15 03:00:00,B,481,410,23
PR02014,M018,P001,2025-10-01 16:45:00,A,361,259,14
PR02015,M006,P010,2025-08-31 18:45:00,C,792,791,42
PR02016,M014,P013,2025-07-03 14:00:00,B,579,509,30
PR02017,M009,P004,2025-03-26 20:45:00,C,377,308,5
PR02018,M013,P014,2025-09-03 10:15:00,C,740,638,24
PR02019,M005,P002,2025-01-25 14:30:00,C,950,826,12
PR02020,M009,P001,2025-10-13 22:15:00,A,815,673,13
PR02021,M007,P014,2025-12-13 13:30:00,A,612,576,26
PR02022,M010,P013,2025-02-27 04:15:00,C,457,521,31
PR02023,M013,P013,2025-11-11 23:45:00,A,998,1046,31
PR02024,M016,P003,2025-05-05 21:30:00,A,960,813,37
PR02025,M018,P001,2025-04-09 17:45:00,A,473,506,3
PR02026,M007,P001,2025-11-07 12:15:00,B,342,258,11
PR02027,M008,P015,2025-11-08 07:30:00,B,858,803,14
PR02028,M015,P008,2025-01-07 01:00:00,C,827,655,35
PR02029,M012,P005,2025-05-27 16:00:00,B,735,633,35
PR02030,M016,P010,2025-08-07 01:15:00,C,847,902,39
PR02031,M011,P004,2025-04-22 14:00:00,C,315,255,11
PR02032,M009,P014,2025-11-02 03:15:00,C,849,688,22
PR02033,M020,P001,2025-07-17 19:45:00,B,900,831,39
PR02034,M005,P005,2025-06-11 15:15:00,B,790,527,27
PR02035,M005,P015,2025-04-30 01:00:00,A,912,888,13
PR02036,M008,P010,2025-10-13 20:15:00,A,906,786,26
PR02037,M006,P009,2025-03-19 03:45:00,C,330,318,11
PR02038,M004,P001,2025-01-26 22:15:00,A,471,287,2
PR02039,M002,P015,2025-04-28 05:00:00,A,316,196,5
PR02040,M010,P004,2025-09-18 20:45:00,B,695,525,18
PR02041,M008,P011,2025-07-16 02:30:00,A,363,385,22
PR02042,M018,P011,2025-10-29 16:00:00,A,794,695,33
PR02043,M002,P001,2025-04-10 10:30:00,A,718,685,33
PR02044,M009,P006,2025-01-09 14:45:00,C,486,316,16
PR02045,M013,P007,2025-10-29 12:45:00,B,376,324,9
PR02046,M003,P012,2025-02-17 02:00:00,A,962,823,21
PR02047,M019,P005,2025-12-27 07:30:00,C,301,289,11
PR02048,M014,P007,2025-08-29 01:00:00,C,676,671,31
PR02049,M020,P008,2025-04-14 09:15:00,A,686,581,8
PR02050,M019,P002,2025-09-28 07:45:00,B,871,781,42
PR02051,M012,P008,2025-09-28 21:45:00,A,929,755,22
PR02052,M001,P002,2025-10-19 14:45:00,A,323,325,6
PR02053,M006,P007,2025-08-09 22:30:00,A,765,753,38
PR02054,M003,P013,2025-06-04 02:00:00,B,885,721,9
PR02055,M005,P008,2025-07-04 10:30:00,B,420,319,13
PR02056,M018,P003,2025-07-17 19:15:00,B,376,298,13
PR02057,M011,P009,2025-02-17 19:45:00,C,441,395,22
PR02058,M005,P002,2025-02-08 14:00:00,C,570,576,14
PR02059,M005,P001,2025-06-27 21:30:00,C,681,625,30
PR02060,M001,P012,2025-03-14 04:30:00,A,808,797,35
PR02061,M015,P003,2025-02-02 20:45:00,A,524,581,33
PR02062,M020,P006,2025-03-11 08:45:00,C,481,412,23
PR02063,M006,P012,2025-05-24 00:00:00,B,391,305,10
PR02064,M018,P015,2025-08-20 07:00:00,B,439,410,4
PR02065,M002,P002,2025-01-04 15:00:00,A,360,408,19
PR02066,M004,P014,2025-10-22 11:00:00,C,925,708,22
PR02067,M015,P001,2025-02-14 10:15:00,C,737,594,10
PR02068,M019,P006,2025-03-11 06:00:00,C,333,256,13
PR02069,M019,P013,2025-01-08 00:45:00,B,562,612,33
PR02070,M019,P009,2025-10-15 22:30:00,B,600,436,18
PR02071,M004,P007,2025-07-31 18:15:00,C,722,586,18
PR02072,M018,P002,2025-02-15 19:15:00,A,785,606,13
PR02073,M008,P011,2025-02-06 01:30:00,A,640,444,17
PR02074,M012,P008,2025-02-05 14:30:00,B,518,590,28
PR02075,M014,P001,2025-09-26 07:30:00,C,455,461,27
PR02076,M009,P015,2025-08-08 14:15:00,B,902,853,51
PR02077,M010,P007,2025-10-05 16:15:00,A,860,741,19
PR02078,M009,P012,2025-10-04 01:30:00,A,642,531,26
PR02079,M019,P003,2025-07-21 11:45:00,C,934,863,12
PR02080,M011,P002,2025-01-05 19:00:00,A,853,945,52
PR02081,M003,P002,2025-09-10 20:30:00,B,328,255,3
PR02082,M011,P013,2025-09-17 12:00:00,B,915,940,6
PR02083,M020,P006,2025-12-27 14:45:00,A,355,365,10
PR02084,M003,P011,2025-06-11 08:00:00,A,998,827,4
PR02085,M002,P002,2025-04-04 14:30:00,B,879,751,39
PR02086,M019,P005,2025-02-26 10:15:00,B,487,508,12
PR02087,M015,P012,2025-11-21 19:30:00,A,332,355,4
PR02088,M012,P011,2025-03-08 14:00:00,A,662,663,25
PR02089,M010,P013,2025-04-29 21:00:00,C,349,184,7
PR02090,M002,P015,2025-01-07 06:00:00,A,303,303,4
PR02091,M008,P011,2025-08-08 01:30:00,B,365,257,3
PR02092,M008,P015,2025-11-12 19:15:00,B,858,775,36
PR02093,M016,P010,2025-12-18 18:30:00,C,450,324,9
PR02094,M018,P001,2025-01-07 20:00:00,A,707,660,38
PR02095,M017,P005,2025-10-07 12:45:00,C,788,655,39
PR02096,M010,P010,2025-12-15 04:15:00,C,978,699,36
PR02097,M011,P006,2025-07-11 07:00:00,A,302,203,10
PR02098,M013,P006,2025-04-22 05:30:00,B,311,247,4
PR02099,M006,P011,2025-03-08 12:15:00,C,592,427,4
PR02100,M003,P001,2025-12-26 04:15:00,C,526,432,22
PR02101,M001,P011,2025-01-17 18:00:00,C,958,952,23
PR02102,M004,P002,2025-10-12 13:30:00,B,548,422,23
PR02103,M015,P006,2025-07-21 14:15:00,C,439,488,11
PR02104,M003,P003,2025-10-12 17:45:00,C,631,652,34
PR02105,M006,P013,2025-10-31 13:30:00,A,471,414,12
PR02106,M009,P008,2025-12-22 04:45:00,B,678,641,10
PR02107,M008,P012,2025-01-13 22:15:00,C,301,362,19
PR02108,M020,P012,2025-01-04 05:15:00,C,741,762,11
PR02109,M012,P010,2025-03-29 02:30:00,A,837,763,34
PR02110,M011,P009,2025-08-11 03:00:00,C,815,704,24
PR02111,M004,P007,2025-02-11 23:30:00,C,882,859,38
PR02112,M020,P014,2025-09-22 01:00:00,A,647,643,20
PR02113,M017,P005,2025-02-04 17:45:00,B,923,932,51
PR02114,M016,P003,2025-06-09 01:00:00,A,826,633,28
PR02115,M005,P011,2025-01-28 05:15:00,A,929,823,48
PR02116,M007,P012,2025-01-31 08:00:00,A,584,537,32
PR02117,M007,P012,2025-09-26 23:00:00,A,367,352,13
PR02118,M002,P005,2025-12-11 04:00:00,C,430,306,5
PR02119,M004,P004,2025-12-23 04:15:00,B,434,302,17
PR02120,M002,P007,2025-04-10 01:15:00,B,815,627,15
PR02121,M015,P008,2025-07-22 06:00:00,B,998,1124,42
PR02122,M003,P011,2025-07-02 12:00:00,A,925,865,11
PR02123,M010,P007,2025-11-30 05:00:00,C,725,737,7
PR02124,M008,P014,2025-01-21 05:15:00,C,422,358,2
PR02125,M007,P002,2025-10-05 08:00:00,B,934,826,41
PR02126,M014,P014,2025-09-07 00:00:00,B,675,623,33
PR02127,M013,P006,2025-08-24 01:45:00,B,539,537,18
PR02128,M014,P007,2025-01-31 09:30:00,A,560,458,3
PR02129,M006,P008,2025-12-17 09:15:00,A,530,473,18
PR02130,M003,P005,2025-03-08 05:45:00,A,437,408,21
PR02131,M011,P005,2025-05-11 06:45:00,C,981,770,32
PR02132,M020,P011,2025-03-19 03:00:00,C,846,805,46
PR02133,M020,P010,2025-02-20 23:45:00,C,451,416,18
PR02134,M005,P012,2025-07-14 08:15:00,B,505,390,19
PR02135,M007,P014,2025-08-24 05:30:00,A,982,703,14
PR02136,M017,P008,2025-12-20 07:00:00,B,380,365,9
PR02137,M009,P008,2025-01-15 11:30:00,B,678,705,30
PR02138,M008,P007,2025-08-21 12:30:00,B,950,764,12
PR02139,M003,P007,2025-10-16 15:30:00,A,702,595,15
PR02140,M018,P012,2025-05-24 04:00:00,A,481,346,9
PR02141,M011,P013,2025-10-21 10:30:00,B,820,584,22
PR02142,M008,P001,2025-10-22 12:45:00,B,609,673,10
PR02143,M004,P015,2025-05-22 04:15:00,B,676,661,10
PR02144,M006,P007,2025-01-27 21:30:00,A,966,876,14
PR02145,M015,P004,2025-06-04 10:30:00,A,518,549,9
PR02146,M016,P009,2025-12-15 00:00:00,B,846,821,37
PR02147,M009,P006,2025-03-27 04:00:00,A,381,310,17
PR02148,M015,P005,2025-04-18 11:30:00,B,480,416,23
PR02149,M001,P012,2025-12-15 20:45:00,C,349,297,16
PR02150,M005,P010,2025-07-30 10:15:00,B,527,636,19
PR02151,M002,P015,2025-07-24 21:30:00,C,716,547,30
PR02152,M012,P006,2025-12-25 11:15:00,C,749,794,7
PR02153,M005,P002,2025-09-23 21:00:00,B,337,286,4
PR02154,M014,P001,2025-04-06 10:45:00,C,978,1059,17
PR02155,M006,P015,2025-06-04 07:00:00,A,522,471,5
PR02156,M005,P009,2025-04-12 03:15:00,B,687,640,16
PR02157,M008,P006,2025-04-01 23:00:00,A,915,827,26
PR02158,M005,P003,2025-07-11 19:30:00,A,975,919,51
PR02159,M001,P005,2025-11-24 22:45:00,B,532,533,20
PR02160,M014,P002,2025-08-31 22:15:00,C,662,570,10
PR02161,M006,P007,2025-06-29 01:45:00,C,706,623,5
PR02162,M016,P002,2025-09-12 03:15:00,A,504,461,5
PR02163,M018,P011,2025-07-22 03:30:00,C,960,1003,54
PR02164,M014,P015,2025-11-20 05:00:00,C,804,732,38
PR02165,M007,P004,2025-05-15 17:30:00,C,712,609,7
PR02166,M020,P005,2025-03-20 04:15:00,B,820,648,7
PR02167,M012,P007,2025-03-20 11:15:00,A,980,1040,47
PR02168,M013,P004,2025-07-13 05:30:00,C,516,424,3
PR02169,M009,P002,2025-09-03 07:00:00,A,963,766,37
PR02170,M004,P011,2025-01-04 15:30:00,C,534,561,32
PR02171,M017,P013,2025-06-15 04:00:00,B,975,731,30
PR02172,M012,P007,2025-12-06 12:15:00,A,884,879,27
PR02173,M003,P006,2025-06-10 23:30:00,A,787,560,27
PR02174,M011,P006,2025-08-08 23:30:00,B,373,320,15
PR02175,M018,P008,2025-05-20 00:00:00,B,890,852,19
PR02176,M006,P007,2025-04-05 01:45:00,A,300,290,2
PR02177,M005,P005,2025-12-08 00:00:00,A,937,948,39
PR02178,M015,P009,2025-04-14 18:15:00,C,740,775,30
PR02179,M016,P015,2025-11-28 14:45:00,B,337,287,4
PR02180,M001,P008,2025-04-29 02:15:00,B,435,378,10
PR02181,M019,P015,2025-12-23 18:45:00,C,964,843,48
PR02182,M013,P006,2025-12-21 09:15:00,B,418,445,18
PR02183,M012,P014,2025-04-07 00:30:00,A,486,403,15
PR02184,M015,P013,2025-06-28 15:45:00,B,578,639,23
PR02185,M018,P011,2025-09-03 00:00:00,B,301,270,6
PR02186,M010,P015,2025-09-12 12:30:00,A,886,773,23
PR02187,M001,P007,2025-08-03 06:45:00,A,655,599,14
PR02188,M013,P005,2025-06-30 10:15:00,C,781,617,23
PR02189,M005,P010,2025-08-07 19:15:00,C,775,719,29
PR02190,M015,P012,2025-07-14 07:30:00,A,510,408,10
PR02191,M010,P004,2025-04-02 11:30:00,A,412,340,6
PR02192,M019,P013,2025-06-10 19:30:00,B,837,820,29
PR02193,M009,P014,2025-11-10 12:30:00,B,588,484,11
PR02194,M004,P007,2025-04-24 09:30:00,C,374,388,8
PR02195,M015,P005,2025-11-05 18:15:00,A,922,725,15
PR02196,M018,P003,2025-10-22 08:45:00,A,570,347,16
PR02197,M019,P011,2025-04-25 01:30:00,C,812,676,38
PR02198,M001,P015,2025-11-25 16:30:00,C,402,301,3
PR02199,M017,P006,2025-08-17 04:00:00,A,477,353,8
PR02200,M005,P014,2025-05-27 20:45:00,A,679,573,28
PR02201,M003,P003,2025-01-20 07:00:00,C,343,222,6
PR02202,M012,P002,2025-11-09 07:00:00,A,328,225,10
PR02203,M007,P006,2025-02-28 06:45:00,C,641,688,26
PR02204,M003,P015,2025-06-22 20:45:00,C,302,245,7
PR02205,M013,P007,2025-11-09 06:00:00,A,567,531,23
PR02206,M007,P005,2025-02-13 02:15:00,A,855,778,6
PR02207,M010,P003,2025-04-08 13:15:00,B,986,999,22
PR02208,M019,P007,2025-07-28 06:00:00,C,319,270,11
PR02209,M011,P012,2025-12-21 21:45:00,C,853,930,55
PR02210,M005,P015,2025-03-14 18:30:00,C,690,697,40
PR02211,M010,P004,2025-02-15 20:45:00,B,748,803,48
PR02212,M002,P003,2025-01-30 04:15:00,A,849,865,44
PR02213,M006,P004,2025-10-14 19:30:00,A,732,655,30
PR02214,M001,P003,2025-03-10 16:15:00,B,938,996,5
PR02215,M014,P008,2025-07-25 18:00:00,B,520,420,7
PR02216,M012,P015,2025-02-04 23:00:00,A,986,1030,50
PR02217,M002,P003,2025-08-13 13:15:00,B,789,704,13
PR02218,M008,P012,2025-11-25 11:15:00,C,357,320,18
PR02219,M005,P001,2025-10-12 08:45:00,A,474,393,23
PR02220,M001,P002,2025-10-04 09:45:00,B,369,446,22
PR02221,M014,P015,2025-03-25 05:15:00,B,599,416,22
PR02222,M016,P006,2025-12-05 17:45:00,B,404,439,14
PR02223,M015,P003,2025-07-31 03:15:00,C,570,393,14
PR02224,M006,P003,2025-08-29 20:15:00,B,647,617,35
PR02225,M005,P004,2025-11-03 01:30:00,B,694,544,30
PR02226,M006,P002,2025-05-08 20:15:00,A,762,694,39
PR02227,M018,P007,2025-02-13 02:00:00,C,422,395,17
PR02228,M016,P005,2025-11-11 01:00:00,C,765,784,41
PR02229,M012,P003,2025-01-19 20:15:00,C,912,781,30
PR02230,M016,P007,2025-06-12 23:00:00,C,805,666,10
PR02231,M005,P002,2025-05-11 07:15:00,B,870,786,16
PR02232,M007,P015,2025-04-01 12:30:00,A,566,556,23
PR02233,M001,P005,2025-01-01 22:15:00,C,507,533,29
PR02234,M006,P001,2025-09-23 15:30:00,B,312,291,2
PR02235,M015,P008,2025-11-11 21:45:00,B,819,845,19
PR02236,M006,P015,2025-11-16 22:15:00,C,706,643,26
PR02237,M006,P015,2025-06-12 13:15:00,B,574,486,24
PR02238,M018,P002,2025-10-18 04:00:00,A,728,526,14
PR02239,M004,P002,2025-11-06 04:00:00,B,969,823,31
PR02240,M019,P007,2025-07-30 06:00:00,A,455,404,9
PR02241,M010,P011,2025-08-12 07:45:00,A,984,984,50
PR02242,M017,P001,2025-01-22 13:45:00,C,377,347,7
PR02243,M002,P001,2025-12-09 17:30:00,B,399,311,11
PR02244,M006,P014,2025-10-21 17:15:00,A,460,317,13
PR02245,M012,P009,2025-02-18 05:00:00,A,681,597,7
PR02246,M001,P002,2025-08-11 17:45:00,C,848,758,21
PR02247,M005,P014,2025-02-26 16:30:00,C,568,551,12
PR02248,M016,P008,2025-01-01 01:45:00,C,481,456,15
PR02249,M010,P014,2025-09-26 15:15:00,B,621,578,23
PR02250,M010,P011,2025-06-09 23:00:00,A,910,710,9
PR02251,M003,P001,2025-02-27 19:15:00,B,746,764,5
PR02252,M010,P012,2025-03-25 19:30:00,B,844,694,41
PR02253,M019,P010,2025-09-19 18:00:00,C,392,334,16
PR02254,M004,P012,2025-11-10 08:00:00,C,967,739,32
PR02255,M001,P001,2025-01-11 01:15:00,A,742,700,10
PR02256,M007,P014,2025-06-28 06:15:00,A,852,724,25
PR02257,M018,P012,2025-01-02 10:00:00,A,634,632,34
PR02258,M019,P013,2025-07-01 17:15:00,C,727,816,32
PR02259,M008,P014,2025-02-01 01:45:00,A,707,586,27
PR02260,M007,P004,2025-04-01 17:15:00,B,813,791,21
PR02261,M013,P003,2025-07-28 23:00:00,B,817,724,25
PR02262,M004,P001,2025-08-21 03:15:00,A,744,716,42
PR02263,M017,P012,2025-04-08 04:15:00,A,505,523,22
PR02264,M016,P006,2025-06-28 05:45:00,C,914,878,7
PR02265,M012,P014,2025-12-25 00:45:00,C,793,720,34
PR02266,M003,P010,2025-03-27 00:00:00,A,969,987,18
PR02267,M019,P007,2025-08-28 19:45:00,C,719,595,15
PR02268,M016,P003,2025-10-01 20:15:00,C,854,801,19
PR02269,M006,P010,2025-12-12 00:15:00,B,700,577,20
PR02270,M017,P010,2025-10-22 03:15:00,C,631,495,11
PR02271,M015,P012,2025-03-25 10:30:00,B,528,471,3
PR02272,M020,P007,2025-03-11 18:00:00,B,755,573,18
PR02273,M020,P008,2025-10-30 09:00:00,B,748,687,4
PR02274,M019,P005,2025-12-18 21:45:00,B,561,521,22
PR02275,M010,P014,2025-05-22 02:15:00,B,922,940,29
PR02276,M018,P002,2025-09-23 20:30:00,B,511,427,16
PR02277,M017,P013,2025-05-30 18:00:00,B,571,518,21
PR02278,M006,P007,2025-01-06 10:15:00,A,421,433,26
PR02279,M006,P005,2025-08-23 01:45:00,C,709,574,29
PR02280,M019,P009,2025-05-10 11:00:00,A,526,371,20
PR02281,M016,P005,2025-12-07 01:30:00,C,794,676,26
PR02282,M005,P015,2025-02-24 17:30:00,B,725,738,13
PR02283,M013,P002,2025-07-09 00:00:00,C,300,215,10
PR02284,M013,P005,2025-11-02 11:15:00,A,317,282,16
PR02285,M015,P010,2025-10-13 08:15:00,A,748,764,16
PR02286,M014,P015,2025-09-15 15:00:00,C,969,675,21
PR02287,M008,P005,2025-01-18 00:00:00,B,946,871,10
PR02288,M016,P005,2025-06-05 08:15:00,C,915,887,7
PR02289,M005,P002,2025-06-25 13:45:00,B,683,564,27
PR02290,M006,P003,2025-06-26 19:45:00,A,789,594,33
PR02291,M001,P005,2025-03-05 19:00:00,B,639,560,12
PR02292,M011,P006,2025-06-07 15:45:00,C,610,537,23
PR02293,M011,P001,2025-04-25 19:45:00,B,634,533,18
PR02294,M006,P012,2025-02-11 04:30:00,C,641,577,10
PR02295,M016,P004,2025-01-29 00:15:00,C,703,545,29
PR02296,M018,P011,2025-03-15 20:45:00,C,806,640,30
PR02297,M019,P011,2025-05-07 19:30:00,B,869,706,10
PR02298,M013,P002,2025-03-29 21:30:00,C,443,393,9
PR02299,M002,P006,2025-06-17 15:30:00,B,929,726,6
PR02300,M008,P013,2025-11-03 02:30:00,B,758,683,14
PR02301,M010,P002,2025-11-23 06:30:00,B,444,407,21
PR02302,M020,P004,2025-03-02 11:30:00,A,884,742,14
PR02303,M003,P014,2025-06-20 07:45:00,A,822,753,13
PR02304,M006,P007,2025-12-19 06:15:00,A,959,888,34
PR02305,M001,P005,2025-09-20 15:15:00,C,870,659,21
PR02306,M015,P012,2025-08-11 05:30:00,B,1000,704,11
PR02307,M004,P009,2025-07-29 10:15:00,C,635,561,19
PR02308,M013,P008,2025-02-24 11:45:00,A,789,628,13
PR02309,M008,P004,2025-09-03 14:45:00,B,466,370,22
PR02310,M011,P001,2025-03-11 18:30:00,C,685,697,20
PR02311,M019,P001,2025-10-28 18:00:00,C,337,213,7
PR02312,M020,P007,2025-04-30 21:30:00,C,467,343,3
PR02313,M017,P005,2025-09-25 09:30:00,C,474,408,14
PR02314,M012,P014,2025-12-10 19:45:00,B,896,801,12
PR02315,M006,P003,2025-06-18 20:30:00,A,832,620,23
PR02316,M003,P014,2025-08-14 23:45:00,A,851,797,43
PR02317,M011,P013,2025-06-03 16:15:00,C,954,944,29
PR02318,M007,P007,2025-09-28 09:30:00,B,636,586,28
PR02319,M017,P009,2025-03-23 16:45:00,B,835,643,4
PR02320,M016,P014,2025-08-11 17:00:00,C,383,378,15
PR02321,M019,P011,2025-02-10 08:30:00,A,890,669,26
PR02322,M018,P014,2025-02-23 14:45:00,B,890,604,14
PR02323,M017,P009,2025-08-05 18:15:00,A,526,500,21
PR02324,M013,P001,2025-08-26 23:00:00,C,984,856,10
PR02325,M019,P008,2025-03-04 03:15:00,B,898,673,8
PR02326,M002,P010,2025-03-10 20:30:00,A,657,571,26
PR02327,M011,P001,2025-12-20 16:30:00,A,847,887,7
PR02328,M017,P008,2025-06-03 06:45:00,A,511,398,22
PR02329,M019,P004,2025-07-14 12:15:00,A,750,546,21
PR02330,M014,P002,2025-06-30 07:00:00,B,307,251,9
PR02331,M008,P010,2025-11-21 09:45:00,B,981,753,38
PR02332,M013,P005,2025-10-18 05:30:00,A,655,601,7
PR02333,M015,P001,2025-07-21 21:00:00,A,975,723,23
PR02334,M008,P005,2025-10-06 19:45:00,A,965,825,4
PR02335,M004,P010,2025-09-24 02:45:00,C,561,477,4
PR02336,M010,P007,2025-08-25 10:15:00,B,642,538,27
PR02337,M007,P001,2025-01-22 11:00:00,B,338,265,8
PR02338,M017,P014,2025-03-15 15:45:00,A,513,447,25
PR02339,M011,P013,2025-05-15 20:30:00,A,992,855,15
PR02340,M013,P005,2025-01-12 18:45:00,C,888,933,26
PR02341,M020,P009,2025-12-04 19:00:00,B,883,632,13
PR02342,M011,P009,2025-05-19 10:30:00,C,414,423,8
PR02343,M018,P009,2025-08-21 04:45:00,A,426,382,22
PR02344,M019,P009,2025-02-24 12:30:00,C,335,261,15
PR02345,M008,P012,2025-02-03 16:45:00,A,510,413,24
PR02346,M004,P004,2025-04-20 12:30:00,C,786,713,36
PR02347,M014,P001,2025-01-05 19:00:00,A,937,1013,34
PR02348,M002,P015,2025-10-07 04:45:00,B,436,357,17
PR02349,M015,P003,2025-02-04 20:15:00,A,538,518,13
PR02350,M019,P014,2025-05-18 08:00:00,C,320,201,9
PR02351,M003,P001,2025-05-20 03:15:00,C,463,404,14
PR02352,M005,P013,2025-09-05 22:30:00,B,401,426,24
PR02353,M009,P014,2025-10-06 14:00:00,C,901,867,23
PR02354,M010,P013,2025-07-28 06:15:00,A,481,404,24
PR02355,M004,P002,2025-04-05 09:00:00,C,571,564,8
PR02356,M004,P012,2025-11-15 01:00:00,B,497,363,12
PR02357,M005,P013,2025-04-21 01:45:00,A,312,198,3
PR02358,M005,P002,2025-01-17 19:30:00,C,542,498,24
PR02359,M001,P001,2025-07-04 06:45:00,A,856,835,32
PR02360,M001,P001,2025-09-11 07:15:00,B,641,684,25
PR02361,M003,P002,2025-04-21 19:45:00,A,391,317,5
PR02362,M013,P008,2025-10-04 12:00:00,A,821,681,6
PR02363,M004,P008,2025-04-06 03:00:00,A,559,519,24
PR02364,M010,P004,2025-10-19 05:00:00,B,785,773,23
PR02365,M005,P002,2025-01-28 04:15:00,C,608,519,8
PR02366,M009,P013,2025-07-23 00:15:00,A,650,437,24
PR02367,M006,P007,2025-03-14 23:00:00,C,897,732,38
PR02368,M004,P004,2025-01-12 06:15:00,A,730,656,16
PR02369,M005,P005,2025-08-29 13:00:00,B,967,882,6
PR02370,M004,P010,2025-12-21 11:30:00,C,414,304,4
PR02371,M010,P012,2025-02-26 10:00:00,C,474,444,21
PR02372,M017,P011,2025-10-02 13:30:00,B,790,718,35
PR02373,M015,P005,2025-03-06 06:45:00,A,688,777,15
PR02374,M003,P010,2025-09-19 23:15:00,A,748,737,26
PR02375,M002,P007,2025-10-20 01:45:00,C,598,550,12
PR02376,M007,P013,2025-09-28 06:45:00,B,922,977,38
PR02377,M004,P004,2025-04-28 08:30:00,C,822,640,21
PR02378,M001,P003,2025-09-28 13:30:00,A,580,535,7
PR02379,M007,P001,2025-03-27 06:45:00,A,451,446,24
PR02380,M013,P008,2025-01-11 00:45:00,A,554,581,27
PR02381,M004,P005,2025-10-31 03:00:00,A,303,220,13
PR02382,M013,P010,2025-07-27 00:00:00,C,893,923,48
PR02383,M018,P013,2025-11-18 04:15:00,C,442,439,22
PR02384,M011,P005,2025-08-24 23:00:00,C,697,541,26
PR02385,M020,P014,2025-02-12 17:45:00,C,791,847,5
PR02386,M008,P008,2025-09-21 08:15:00,A,555,493,27
PR02387,M011,P009,2025-02-19 16:00:00,A,625,431,19
PR02388,M001,P002,2025-10-21 09:15:00,B,318,220,4
PR02389,M020,P010,2025-04-15 10:15:00,B,584,538,31
PR02390,M002,P002,2025-05-26 18:30:00,A,714,631,8
PR02391,M003,P012,2025-10-09 04:30:00,C,959,960,33
PR02392,M010,P001,2025-03-19 04:15:00,A,825,676,38
PR02393,M005,P008,2025-07-20 04:00:00,A,843,743,32
PR02394,M008,P006,2025-07-03 20:15:00,B,721,573,33
PR02395,M018,P012,2025-01-09 00:30:00,B,389,352,20
PR02396,M011,P006,2025-02-24 17:00:00,C,728,804,32
PR02397,M009,P007,2025-01-10 09:45:00,B,417,477,8
PR02398,M015,P002,2025-01-13 01:00:00,A,430,414,14
PR02399,M014,P002,2025-02-15 23:15:00,B,505,582,33
PR02400,M012,P001,2025-02-15 04:00:00,B,970,1055,60
PR02401,M009,P005,2025-08-08 13:30:00,B,529,571,33
PR02402,M008,P014,2025-01-24 09:15:00,C,447,423,12
PR02403,M007,P012,2025-06-03 12:00:00,B,409,384,12
PR02404,M003,P008,2025-09-09 04:30:00,B,540,460,27
PR02405,M006,P007,2025-10-01 05:15:00,B,625,620,19
PR02406,M012,P015,2025-01-02 16:45:00,C,728,690,18
PR02407,M014,P014,2025-07-24 04:15:00,C,582,672,20
PR02408,M003,P011,2025-08-15 16:30:00,A,938,761,23
PR02409,M010,P009,2025-10-24 01:15:00,C,670,417,21
PR02410,M007,P005,2025-09-05 09:15:00,A,428,387,20
PR02411,M014,P014,2025-06-07 23:45:00,B,687,649,15
PR02412,M006,P001,2025-11-06 23:30:00,B,467,390,14
PR02413,M020,P008,2025-12-04 22:30:00,A,589,576,24
PR02414,M014,P004,2025-10-07 17:00:00,B,843,661,12
PR02415,M017,P005,2025-04-26 10:30:00,C,812,818,7
PR02416,M001,P006,2025-08-03 17:00:00,A,714,618,33
PR02417,M009,P002,2025-02-21 01:15:00,C,393,328,13
PR02418,M020,P012,2025-04-06 07:00:00,C,421,390,3
PR02419,M002,P001,2025-08-06 00:15:00,A,808,612,20
PR02420,M019,P010,2025-03-25 01:15:00,C,407,331,12
PR02421,M004,P004,2025-01-26 02:00:00,A,582,455,26
PR02422,M018,P007,2025-12-20 15:00:00,A,903,920,43
PR02423,M002,P012,2025-02-23 20:45:00,C,459,506,20
PR02424,M012,P015,2025-05-13 03:30:00,A,951,825,28
PR02425,M004,P001,2025-11-18 03:00:00,B,510,526,7
PR02426,M015,P010,2025-03-27 17:45:00,A,835,852,26
PR02427,M020,P008,2025-04-27 14:00:00,A,725,602,7
PR02428,M018,P004,2025-03-08 06:45:00,B,557,507,24
PR02429,M006,P013,2025-06-23 07:00:00,B,758,770,42
PR02430,M002,P001,2025-10-08 00:30:00,A,660,580,34
PR02431,M006,P014,2025-11-30 08:30:00,A,498,549,32
PR02432,M018,P006,2025-07-20 18:00:00,B,693,703,33
PR02433,M020,P012,2025-05-13 12:45:00,A,320,226,2
PR02434,M004,P014,2025-05-06 18:30:00,B,445,353,3
PR02435,M017,P013,2025-06-02 04:45:00,B,374,292,7
PR02436,M019,P003,2025-03-22 09:15:00,B,415,381,20
PR02437,M003,P014,2025-10-05 09:00:00,A,525,377,11
PR02438,M013,P008,2025-06-11 07:00:00,C,450,356,20
PR02439,M020,P014,2025-07-06 22:45:00,B,597,524,28
PR02440,M004,P015,2025-04-30 09:00:00,B,395,260,2
PR02441,M004,P006,2025-09-13 13:30:00,B,459,431,12
PR02442,M004,P003,2025-05-07 17:30:00,C,628,578,32
PR02443,M016,P009,2025-02-09 14:45:00,A,637,675,32
PR02444,M002,P013,2025-06-24 11:30:00,C,458,427,24
PR02445,M012,P013,2025-11-03 14:15:00,B,532,553,12
PR02446,M004,P001,2025-08-05 14:45:00,B,444,329,3
PR02447,M008,P008,2025-04-15 01:45:00,C,425,381,12
PR02448,M017,P001,2025-02-01 06:00:00,A,798,611,36
PR02449,M002,P003,2025-08-15 09:00:00,C,608,530,8
PR02450,M005,P015,2025-03-30 10:30:00,B,703,714,19
PR02451,M013,P011,2025-04-06 17:30:00,A,346,288,8
PR02452,M018,P015,2025-03-15 15:00:00,B,511,550,9
PR02453,M016,P010,2025-09-01 13:15:00,A,666,633,28
PR02454,M013,P010,2025-07-28 21:00:00,C,569,558,32
PR02455,M001,P011,2025-04-30 05:00:00,C,642,647,16
PR02456,M011,P010,2025-11-06 04:45:00,B,504,441,20
PR02457,M016,P009,2025-08-08 08:00:00,C,621,473,14
PR02458,M003,P010,2025-08-26 15:30:00,C,652,504,15
PR02459,M005,P008,2025-01-15 07:30:00,C,450,392,18
PR02460,M016,P002,2025-04-16 05:00:00,A,480,386,16
PR02461,M014,P003,2025-02-08 14:30:00,A,966,988,32
PR02462,M013,P010,2025-05-31 05:30:00,C,416,351,18
PR02463,M019,P014,2025-04-30 01:30:00,A,479,552,3
PR02464,M018,P001,2025-04-06 00:15:00,A,723,705,42
PR02465,M003,P008,2025-05-17 05:45:00,B,575,549,4
PR02466,M002,P015,2025-01-10 06:00:00,B,709,763,23
PR02467,M009,P015,2025-12-17 00:00:00,B,598,565,17
PR02468,M019,P005,2025-07-12 18:15:00,B,415,463,14
PR02469,M011,P005,2025-08-10 07:00:00,A,852,628,29
PR02470,M020,P004,2025-03-22 11:30:00,A,411,377,6
PR02471,M013,P004,2025-08-25 22:15:00,B,805,645,24
PR02472,M014,P012,2025-11-30 01:30:00,B,876,873,7
PR02473,M007,P010,2025-08-20 12:30:00,B,475,445,11
PR02474,M018,P007,2025-05-16 19:30:00,B,323,329,2
PR02475,M001,P011,2025-01-02 13:45:00,C,672,670,5
PR02476,M003,P015,2025-02-22 18:15:00,B,909,664,10
PR02477,M006,P006,2025-06-03 07:00:00,A,586,468,8
PR02478,M003,P001,2025-05-07 06:15:00,A,306,322,6
PR02479,M011,P005,2025-07-11 20:30:00,B,652,715,32
PR02480,M018,P005,2025-12-16 01:15:00,C,714,681,34
PR02481,M006,P010,2025-04-17 19:15:00,B,551,471,13
PR02482,M008,P002,2025-03-09 00:00:00,A,655,663,30
PR02483,M013,P006,2025-05-18 08:00:00,C,465,539,25
PR02484,M016,P007,2025-11-04 19:15:00,A,357,294,5
PR02485,M006,P010,2025-02-08 15:45:00,B,616,572,3
PR02486,M004,P010,2025-11-25 02:15:00,A,758,652,39
PR02487,M005,P007,2025-04-03 12:45:00,B,377,394,18
PR02488,M013,P005,2025-08-31 10:15:00,B,983,1029,41
PR02489,M019,P010,2025-02-22 04:00:00,A,935,760,5
PR02490,M007,P003,2025-12-04 23:30:00,C,622,663,13
PR02491,M005,P002,2025-02-24 02:30:00,C,535,532,11
PR02492,M015,P008,2025-11-24 03:30:00,C,543,545,4
PR02493,M005,P003,2025-08-25 20:15:00,A,567,537,25
PR02494,M018,P013,2025-09-14 17:15:00,A,560,524,22
PR02495,M013,P014,2025-10-30 05:00:00,C,609,598,19
PR02496,M014,P006,2025-04-12 06:15:00,A,474,443,26
PR02497,M009,P001,2025-07-03 19:00:00,C,469,384,22
PR02498,M018,P003,2025-06-20 20:30:00,B,839,714,36
PR02499,M016,P003,2025-12-25 13:45:00,C,438,406,8
PR02500,M011,P012,2025-10-27 05:30:00,B,612,695,36
PR02501,M004,P009,2025-02-11 18:45:00,A,472,467,3
PR02502,M015,P003,2025-06-30 23:45:00,C,472,531,32
PR02503,M008,P015,2025-07-30 06:30:00,B,484,532,26
PR02504,M014,P007,2025-02-14 09:15:00,A,908,703,4
PR02505,M002,P010,2025-12-22 14:00:00,B,437,458,25
PR02506,M002,P001,2025-08-09 06:15:00,C,368,328,7
PR02507,M007,P009,2025-04-29 19:00:00,C,351,367,9
PR02508,M019,P004,2025-04-01 04:15:00,B,605,630,6
PR02509,M002,P006,2025-01-03 22:00:00,B,729,796,25
PR02510,M014,P014,2025-05-24 12:00:00,A,728,734,6
PR02511,M015,P003,2025-07-20 09:15:00,A,838,815,19
PR02512,M008,P011,2025-05-19 13:00:00,A,755,773,32
PR02513,M003,P007,2025-04-16 06:45:00,B,417,347,7
PR02514,M010,P002,2025-03-12 06:00:00,C,698,572,31
PR02515,M014,P015,2025-04-11 14:15:00,A,775,723,23
PR02516,M002,P014,2025-08-05 22:15:00,B,557,496,7
PR02517,M003,P014,2025-08-08 02:45:00,B,635,689,4
PR02518,M006,P005,2025-11-14 19:15:00,C,476,420,6
PR02519,M012,P007,2025-04-23 14:30:00,B,573,608,10
PR02520,M001,P003,2025-04-11 16:45:00,B,886,739,27
PR02521,M009,P012,2025-05-31 17:30:00,B,530,456,17
PR02522,M001,P010,2025-03-30 06:45:00,B,572,389,2
PR02523,M013,P012,2025-04-27 16:30:00,B,940,893,13
PR02524,M018,P002,2025-05-01 10:00:00,B,333,319,5
PR02525,M008,P008,2025-12-11 13:00:00,C,612,527,5
PR02526,M013,P002,2025-09-25 08:30:00,C,517,429,11
PR02527,M013,P013,2025-08-20 20:30:00,A,725,555,24
PR02528,M003,P009,2025-07-26 17:00:00,B,676,667,36
PR02529,M004,P001,2025-09-22 23:00:00,C,361,226,8
PR02530,M013,P001,2025-06-07 10:00:00,B,765,738,38
PR02531,M009,P015,2025-05-01 11:45:00,B,738,561,10
PR02532,M015,P011,2025-10-31 16:15:00,A,516,362,11
PR02533,M016,P015,2025-01-12 12:45:00,C,423,426,12
PR02534,M017,P011,2025-11-25 08:00:00,C,929,717,24
PR02535,M016,P013,2025-08-09 10:15:00,A,814,780,6
PR02536,M017,P012,2025-10-21 13:15:00,C,611,533,8
PR02537,M001,P014,2025-09-15 15:45:00,C,324,275,6
PR02538,M002,P005,2025-11-23 09:15:00,C,442,553,24
PR02539,M007,P003,2025-10-15 13:00:00,A,858,869,24
PR02540,M001,P008,2025-02-05 12:15:00,A,891,906,38
PR02541,M006,P008,2025-10-25 18:15:00,A,821,939,47
PR02542,M008,P008,2025-10-15 04:45:00,A,630,728,34
PR02543,M019,P005,2025-08-23 23:00:00,A,846,761,11
PR02544,M011,P005,2025-01-16 06:15:00,C,389,332,6
PR02545,M001,P007,2025-11-24 19:00:00,C,415,349,10
PR02546,M009,P010,2025-04-02 02:30:00,C,851,700,4
PR02547,M002,P012,2025-03-25 08:15:00,A,874,915,44
PR02548,M016,P009,2025-12-22 21:00:00,A,777,734,8
PR02549,M017,P010,2025-07-17 20:45:00,A,956,785,42
PR02550,M017,P002,2025-02-22 12:30:00,B,894,957,39
PR02551,M010,P001,2025-01-01 06:45:00,B,347,309,4
PR02552,M003,P008,2025-01-25 06:00:00,A,825,797,5
PR02553,M010,P014,2025-07-25 04:15:00,C,915,922,44
PR02554,M019,P006,2025-06-17 00:00:00,C,768,578,19
PR02555,M019,P011,2025-04-05 20:45:00,A,946,814,23
PR02556,M005,P001,2025-11-04 12:00:00,C,475,499,14
PR02557,M006,P015,2025-01-17 16:15:00,B,317,264,12
PR02558,M020,P007,2025-04-10 21:30:00,C,587,488,11
PR02559,M003,P003,2025-11-30 05:30:00,A,642,663,36
PR02560,M007,P007,2025-06-01 21:15:00,C,605,406,22
PR02561,M009,P010,2025-01-10 18:00:00,B,459,463,7
PR02562,M015,P001,2025-07-27 22:00:00,A,555,528,21
PR02563,M012,P004,2025-05-31 07:45:00,C,625,485,4
PR02564,M009,P011,2025-08-06 08:00:00,A,845,803,39
PR02565,M016,P004,2025-05-05 12:30:00,C,822,806,29
PR02566,M005,P004,2025-07-09 08:45:00,B,720,606,10
PR02567,M003,P003,2025-01-20 12:45:00,B,774,695,14
PR02568,M002,P005,2025-10-25 09:45:00,A,982,997,12
PR02569,M014,P007,2025-11-06 16:45:00,A,488,339,2
PR02570,M020,P010,2025-08-21 18:45:00,C,481,405,10
PR02571,M018,P009,2025-12-03 04:15:00,B,520,397,23
PR02572,M014,P001,2025-12-30 15:45:00,B,925,715,40
PR02573,M020,P014,2025-03-04 07:30:00,A,837,585,11
PR02574,M020,P002,2025-02-18 10:15:00,A,917,824,13
PR02575,M015,P015,2025-03-06 12:00:00,B,330,265,11
PR02576,M002,P014,2025-03-17 19:00:00,B,612,616,25
PR02577,M005,P015,2025-10-16 02:15:00,C,607,481,16
PR02578,M011,P014,2025-10-06 15:15:00,C,333,372,13
PR02579,M005,P001,2025-07-16 09:15:00,C,983,1091,25
PR02580,M014,P007,2025-04-04 07:30:00,C,537,450,25
PR02581,M018,P015,2025-02-22 19:30:00,A,872,849,31
PR02582,M016,P011,2025-11-29 11:45:00,B,846,695,4
PR02583,M011,P008,2025-05-06 20:00:00,A,759,646,19
PR02584,M010,P008,2025-11-30 23:30:00,B,306,299,15
PR02585,M011,P014,2025-03-03 22:15:00,B,625,521,22
PR02586,M006,P002,2025-02-19 00:00:00,B,808,734,12
PR02587,M005,P012,2025-06-29 01:15:00,B,729,502,29
PR02588,M007,P008,2025-11-15 23:00:00,A,904,692,22
PR02589,M020,P001,2025-04-08 09:15:00,B,600,591,12
PR02590,M005,P013,2025-09-10 13:00:00,A,754,809,28
PR02591,M016,P011,2025-06-11 02:00:00,A,781,731,7
PR02592,M006,P014,2025-12-19 17:30:00,C,391,377,7
PR02593,M003,P009,2025-10-31 11:00:00,B,574,495,19
PR02594,M004,P006,2025-09-18 00:30:00,B,654,624,6
PR02595,M016,P014,2025-05-14 08:45:00,B,985,825,22
PR02596,M001,P012,2025-01-02 01:30:00,B,311,279,15
PR02597,M018,P003,2025-06-13 09:00:00,A,852,757,29
PR02598,M006,P013,2025-02-11 17:00:00,C,997,800,21
PR02599,M001,P011,2025-01-21 07:30:00,B,857,777,45
PR02600,M011,P002,2025-10-01 17:00:00,B,455,366,5
PR02601,M005,P004,2025-05-25 22:45:00,A,914,733,33
PR02602,M017,P015,2025-04-08 19:45:00,A,607,519,3
PR02603,M020,P003,2025-08-10 15:00:00,A,817,768,45
PR02604,M010,P014,2025-12-14 22:00:00,A,913,863,9
PR02605,M011,P009,2025-02-10 02:15:00,B,997,1046,11
PR02606,M006,P011,2025-10-11 10:00:00,A,651,534,14
PR02607,M005,P001,2025-02-27 19:45:00,B,333,224,13
PR02608,M009,P006,2025-04-26 19:45:00,C,994,733,23
PR02609,M007,P002,2025-05-23 09:45:00,B,358,346,4
PR02610,M008,P010,2025-02-02 09:45:00,B,375,334,12
PR02611,M019,P007,2025-08-04 15:45:00,A,717,528,23
PR02612,M018,P005,2025-07-06 07:00:00,A,441,451,4
PR02613,M002,P006,2025-03-08 11:45:00,A,868,985,33
PR02614,M001,P006,2025-07-21 07:00:00,A,705,611,18
PR02615,M004,P001,2025-03-08 23:00:00,A,962,912,32
PR02616,M001,P003,2025-10-28 01:00:00,B,468,351,16
PR02617,M019,P008,2025-03-11 00:30:00,C,647,529,25
PR02618,M013,P001,2025-11-02 11:15:00,A,414,463,23
PR02619,M016,P015,2025-11-16 22:45:00,B,344,296,15
PR02620,M005,P001,2025-12-05 10:30:00,B,579,615,23
PR02621,M018,P002,2025-05-27 23:30:00,C,592,626,22
PR02622,M010,P015,2025-10-08 19:45:00,B,656,636,22
PR02623,M016,P010,2025-06-19 12:45:00,B,460,431,6
PR02624,M014,P002,2025-01-27 10:45:00,B,689,469,27
PR02625,M014,P015,2025-03-13 09:45:00,B,331,272,4
PR02626,M017,P006,2025-01-09 04:15:00,A,661,733,6
PR02627,M003,P007,2025-02-06 11:15:00,B,997,670,27
PR02628,M002,P006,2025-02-18 10:45:00,A,355,319,9
PR02629,M002,P012,2025-04-02 08:30:00,B,376,274,10
PR02630,M015,P010,2025-05-16 23:30:00,A,518,375,19
PR02631,M019,P009,2025-06-13 23:45:00,B,426,389,22
PR02632,M013,P015,2025-08-11 23:30:00,A,714,605,17
PR02633,M013,P009,2025-10-11 07:15:00,A,630,566,20
PR02634,M016,P014,2025-07-11 21:45:00,B,350,351,20
PR02635,M001,P010,2025-02-15 17:30:00,B,550,571,9
PR02636,M020,P012,2025-08-10 15:15:00,B,522,396,20
PR02637,M018,P015,2025-04-19 21:15:00,A,515,494,4
PR02638,M015,P007,2025-06-14 07:15:00,C,704,722,39
PR02639,M006,P004,2025-10-31 20:15:00,C,564,414,23
PR02640,M001,P010,2025-10-01 10:15:00,A,347,271,12
PR02641,M009,P005,2025-05-09 22:00:00,A,366,341,5
PR02642,M005,P015,2025-04-19 09:45:00,C,975,782,29
PR02643,M011,P003,2025-01-05 21:45:00,B,639,669,13
PR02644,M003,P004,2025-01-30 14:30:00,C,746,666,26
PR02645,M005,P003,2025-04-24 03:00:00,B,303,274,5
PR02646,M007,P004,2025-11-17 23:15:00,A,431,405,12
PR02647,M015,P001,2025-08-01 23:00:00,A,707,599,33
PR02648,M020,P006,2025-10-13 11:00:00,A,543,503,3
PR02649,M010,P012,2025-11-16 16:30:00,A,438,471,19
PR02650,M016,P013,2025-03-09 15:30:00,B,318,339,18
PR02651,M014,P014,2025-09-17 05:45:00,A,764,611,31
PR02652,M012,P011,2025-01-08 01:15:00,B,714,621,20
PR02653,M007,P002,2025-05-15 13:00:00,C,589,541,22
PR02654,M020,P013,2025-04-22 18:45:00,A,888,954,42
PR02655,M010,P010,2025-05-12 19:45:00,C,335,290,6
PR02656,M007,P003,2025-12-05 06:15:00,A,726,704,20
PR02657,M018,P013,2025-04-24 18:30:00,C,690,567,21
PR02658,M011,P004,2025-02-08 21:00:00,B,637,633,23
PR02659,M006,P003,2025-01-09 00:00:00,A,486,420,23
PR02660,M006,P006,2025-10-30 16:30:00,B,809,691,35
PR02661,M005,P004,2025-08-25 23:45:00,B,365,381,21
PR02662,M010,P002,2025-09-27 20:45:00,B,359,259,9
PR02663,M012,P007,2025-09-25 01:45:00,B,378,424,16
PR02664,M017,P007,2025-08-28 23:30:00,C,700,564,24
PR02665,M001,P014,2025-08-16 19:30:00,C,880,824,29
PR02666,M018,P001,2025-08-16 04:15:00,C,704,758,6
PR02667,M011,P012,2025-03-14 13:00:00,B,693,635,16
PR02668,M017,P007,2025-12-17 16:45:00,B,584,492,20
PR02669,M001,P001,2025-06-17 11:45:00,A,660,525,15
PR02670,M017,P014,2025-07-17 16:45:00,A,645,580,29
PR02671,M006,P015,2025-05-30 21:00:00,B,665,476,5
PR02672,M010,P001,2025-06-04 08:00:00,A,824,786,24
PR02673,M016,P014,2025-04-14 06:45:00,A,847,974,50
PR02674,M020,P005,2025-02-02 14:00:00,B,551,484,4
PR02675,M020,P012,2025-03-20 06:45:00,C,362,292,2
PR02676,M001,P010,2025-04-25 00:30:00,B,370,265,11
PR02677,M016,P003,2025-11-23 02:45:00,B,910,850,31
PR02678,M009,P009,2025-06-22 04:30:00,A,412,274,7
PR02679,M010,P009,2025-06-02 10:00:00,A,775,616,27
PR02680,M009,P011,2025-10-21 10:45:00,A,955,873,15
PR02681,M009,P003,2025-06-22 18:00:00,C,443,405,16
PR02682,M005,P006,2025-01-23 07:00:00,C,662,703,27
PR02683,M015,P011,2025-05-24 19:00:00,B,779,611,6
PR02684,M004,P011,2025-08-30 09:45:00,B,771,665,17
PR02685,M017,P009,2025-02-04 16:45:00,C,573,596,10
PR02686,M017,P013,2025-03-08 19:30:00,B,956,816,22
PR02687,M001,P012,2025-02-24 18:45:00,C,462,376,20
PR02688,M014,P014,2025-07-04 23:45:00,B,937,909,13
PR02689,M006,P014,2025-05-30 16:15:00,C,401,360,9
PR02690,M003,P008,2025-04-20 21:00:00,C,680,531,26
PR02691,M014,P010,2025-09-14 04:30:00,C,450,496,18
PR02692,M005,P004,2025-10-31 00:45:00,C,456,309,9
PR02693,M008,P008,2025-08-31 03:45:00,C,939,760,41
PR02694,M018,P011,2025-10-21 01:00:00,C,738,568,11
PR02695,M015,P007,2025-08-18 01:30:00,B,777,787,7
PR02696,M018,P009,2025-06-10 10:15:00,C,907,798,47
PR02697,M020,P001,2025-12-17 01:45:00,C,515,499,11
PR02698,M013,P003,2025-10-25 09:30:00,B,822,903,42
PR02699,M001,P011,2025-10-09 06:30:00,B,863,744,39
PR02700,M006,P002,2025-07-24 02:15:00,C,543,530,23
PR02701,M004,P003,2025-12-08 19:00:00,C,947,968,48
PR02702,M005,P014,2025-11-28 17:45:00,A,971,929,10
PR02703,M004,P001,2025-11-29 15:00:00,B,711,617,4
PR02704,M005,P007,2025-10-28 04:15:00,C,792,702,26
PR02705,M010,P010,2025-11-07 07:15:00,B,581,527,15
PR02706,M017,P010,2025-01-24 07:30:00,B,345,295,7
PR02707,M008,P012,2025-09-23 23:15:00,A,495,415,13
PR02708,M002,P011,2025-03-29 21:15:00,B,402,331,8
PR02709,M008,P009,2025-08-14 21:00:00,B,666,543,21
PR02710,M018,P004,2025-12-30 08:30:00,A,345,309,18
PR02711,M005,P015,2025-02-09 09:00:00,A,615,688,30
PR02712,M004,P006,2025-11-28 10:00:00,C,503,419,25
PR02713,M018,P001,2025-07-21 17:00:00,A,338,249,10
PR02714,M010,P005,2025-04-29 20:30:00,B,942,796,23
PR02715,M014,P005,2025-08-31 18:30:00,A,325,406,11
PR02716,M016,P009,2025-02-03 13:15:00,C,437,407,13
PR02717,M005,P011,2025-04-17 03:30:00,B,896,913,13
PR02718,M002,P003,2025-04-30 03:45:00,C,872,912,15
PR02719,M010,P002,2025-02-15 10:30:00,B,977,844,15
PR02720,M019,P007,2025-07-10 02:30:00,B,941,983,34
PR02721,M006,P012,2025-01-13 14:15:00,A,607,471,9
PR02722,M016,P005,2025-06-26 23:30:00,C,857,731,7
PR02723,M003,P009,2025-11-09 03:45:00,C,365,277,15
PR02724,M004,P004,2025-02-18 12:00:00,B,961,1053,22
PR02725,M007,P012,2025-05-21 21:45:00,B,695,719,36
PR02726,M005,P009,2025-08-19 09:00:00,B,431,419,19
PR02727,M012,P015,2025-05-28 21:15:00,C,506,524,30
PR02728,M014,P007,2025-01-16 18:45:00,B,491,378,20
PR02729,M013,P015,2025-08-24 03:45:00,A,725,632,38
PR02730,M005,P011,2025-05-23 05:00:00,C,437,439,22
PR02731,M008,P015,2025-04-23 08:00:00,B,374,400,11
PR02732,M003,P006,2025-09-07 11:00:00,A,396,389,12
PR02733,M012,P002,2025-11-22 09:30:00,B,713,531,9
PR02734,M013,P014,2025-06-05 12:30:00,A,744,818,10
PR02735,M012,P012,2025-02-26 17:45:00,C,552,512,19
PR02736,M006,P008,2025-07-15 19:30:00,C,664,635,9
PR02737,M018,P006,2025-08-13 12:30:00,A,394,350,18
PR02738,M007,P014,2025-04-02 23:30:00,B,651,490,22
PR02739,M019,P001,2025-05-28 21:30:00,B,862,772,27
PR02740,M013,P012,2025-08-29 07:15:00,C,367,331,8
PR02741,M009,P012,2025-12-23 02:30:00,C,793,664,7
PR02742,M005,P014,2025-08-23 16:45:00,C,903,901,15
PR02743,M004,P009,2025-01-05 09:00:00,A,897,751,22
PR02744,M018,P008,2025-01-27 22:30:00,A,814,642,7
PR02745,M016,P009,2025-02-13 09:15:00,B,896,683,12
PR02746,M018,P008,2025-03-29 20:00:00,A,315,289,10
PR02747,M002,P007,2025-01-24 19:45:00,C,946,843,39
PR02748,M007,P004,2025-10-08 20:00:00,C,446,468,23
PR02749,M007,P001,2025-02-06 11:30:00,A,483,482,4
PR02750,M001,P011,2025-09-15 13:30:00,B,962,966,23
PR02751,M002,P002,2025-03-12 05:30:00,B,397,301,8
PR02752,M013,P007,2025-02-08 08:30:00,A,902,825,5
PR02753,M008,P014,2025-04-16 23:15:00,C,431,338,20
PR02754,M001,P002,2025-03-08 05:15:00,C,348,305,4
PR02755,M004,P004,2025-11-11 01:00:00,A,416,412,7
PR02756,M004,P013,2025-11-25 05:30:00,A,485,469,27
PR02757,M010,P003,2025-03-23 07:30:00,C,643,631,8
PR02758,M006,P005,2025-07-24 09:30:00,C,924,828,40
PR02759,M012,P004,2025-09-20 13:45:00,B,497,404,15
PR02760,M009,P011,2025-08-21 20:45:00,C,940,926,46
PR02761,M003,P006,2025-10-09 20:30:00,C,481,470,24
PR02762,M003,P005,2025-04-01 12:45:00,B,679,659,24
PR02763,M010,P002,2025-07-19 05:30:00,B,552,522,15
PR02764,M012,P003,2025-08-31 11:15:00,B,555,477,18
PR02765,M014,P003,2025-08-15 08:45:00,C,744,713,26
PR02766,M013,P008,2025-10-23 17:30:00,C,555,403,7
PR02767,M014,P004,2025-03-19 09:00:00,C,646,597,24
PR02768,M010,P007,2025-11-17 17:15:00,C,631,548,31
PR02769,M018,P003,2025-06-18 16:45:00,B,552,591,16
PR02770,M018,P013,2025-10-17 15:15:00,C,930,883,48
PR02771,M017,P011,2025-02-09 13:00:00,A,662,663,7
PR02772,M007,P008,2025-12-22 14:00:00,A,329,229,7
PR02773,M020,P007,2025-07-14 01:45:00,B,470,482,10
PR02774,M009,P010,2025-10-11 22:00:00,A,869,823,22
PR02775,M015,P007,2025-03-02 04:00:00,A,592,531,26
PR02776,M006,P007,2025-06-15 20:30:00,C,447,499,30
PR02777,M019,P014,2025-06-01 11:45:00,C,510,542,7
PR02778,M017,P014,2025-11-19 09:00:00,C,520,464,17
PR02779,M015,P002,2025-02-10 21:00:00,C,485,451,10
PR02780,M007,P006,2025-07-29 14:00:00,A,721,663,23
PR02781,M001,P002,2025-11-04 03:00:00,B,407,458,22
PR02782,M007,P004,2025-05-07 18:30:00,A,899,679,32
PR02783,M009,P009,2025-05-20 08:15:00,A,787,792,39
PR02784,M014,P008,2025-05-25 01:30:00,C,390,403,23
PR02785,M019,P011,2025-04-21 01:00:00,C,557,613,36
PR02786,M006,P015,2025-10-30 21:00:00,A,325,259,6
PR02787,M003,P015,2025-03-19 16:45:00,C,727,730,5
PR02788,M007,P005,2025-11-05 01:15:00,C,598,486,28
PR02789,M016,P010,2025-06-18 09:30:00,C,459,501,14
PR02790,M003,P006,2025-02-19 15:00:00,B,510,559,15
PR02791,M010,P015,2025-02-20 22:00:00,A,807,658,7
PR02792,M017,P009,2025-03-11 09:45:00,C,985,974,14
PR02793,M005,P015,2025-02-15 09:00:00,B,422,257,6
PR02794,M016,P007,2025-12-23 02:15:00,B,746,651,22
PR02795,M010,P010,2025-08-08 06:00:00,A,544,510,20
PR02796,M005,P002,2025-12-03 12:00:00,B,891,960,14
PR02797,M014,P011,2025-05-26 01:00:00,A,543,391,11
PR02798,M006,P006,2025-07-18 02:45:00,A,861,725,17
PR02799,M003,P015,2025-12-02 15:30:00,C,376,252,11
PR02800,M014,P007,2025-08-27 18:30:00,C,833,736,41
PR02801,M011,P007,2025-05-25 16:15:00,B,359,346,15
PR02802,M010,P015,2025-06-28 21:45:00,A,513,503,24
PR02803,M012,P001,2025-04-05 14:00:00,B,766,546,14
PR02804,M009,P002,2025-07-15 00:45:00,A,323,343,3
PR02805,M004,P015,2025-01-03 12:45:00,A,484,404,19
PR02806,M009,P013,2025-01-02 20:45:00,A,718,616,5
PR02807,M012,P014,2025-09-06 04:15:00,C,307,293,3
PR02808,M018,P003,2025-03-24 04:15:00,B,446,446,7
PR02809,M019,P010,2025-01-07 17:30:00,B,782,668,40
PR02810,M009,P008,2025-01-17 00:30:00,C,394,308,14
PR02811,M011,P004,2025-03-01 07:30:00,B,404,423,3
PR02812,M001,P013,2025-08-15 04:15:00,B,958,860,11
PR02813,M001,P003,2025-05-29 03:30:00,C,801,794,27
PR02814,M011,P004,2025-01-09 02:00:00,B,607,474,10
PR02815,M009,P005,2025-02-09 19:30:00,B,429,354,20
PR02816,M018,P001,2025-10-12 13:45:00,A,594,579,23
PR02817,M001,P011,2025-02-13 20:15:00,A,323,279,15
PR02818,M020,P012,2025-08-26 17:00:00,C,983,718,12
PR02819,M012,P015,2025-08-16 08:15:00,B,712,729,26
PR02820,M019,P015,2025-07-10 18:30:00,C,321,300,6
PR02821,M020,P013,2025-01-01 13:45:00,C,880,823,11
PR02822,M014,P008,2025-08-08 00:45:00,A,368,331,9
PR02823,M014,P002,2025-04-30 14:30:00,A,680,632,8
PR02824,M005,P006,2025-08-03 21:00:00,A,606,574,20
PR02825,M013,P005,2025-11-22 00:30:00,B,499,407,16
PR02826,M001,P009,2025-06-04 14:45:00,B,484,434,23
PR02827,M002,P005,2025-12-12 05:15:00,A,444,477,3
PR02828,M008,P014,2025-08-21 22:15:00,B,615,494,11
PR02829,M001,P007,2025-11-04 03:30:00,A,847,648,24
PR02830,M015,P001,2025-09-13 18:45:00,A,315,263,4
PR02831,M008,P014,2025-04-20 07:15:00,A,935,928,14
PR02832,M001,P015,2025-06-14 20:15:00,A,837,693,5
PR02833,M004,P008,2025-11-06 13:45:00,B,488,493,14
PR02834,M015,P009,2025-03-22 19:15:00,A,434,273,3
PR02835,M001,P007,2025-03-03 11:15:00,A,904,669,21
PR02836,M006,P009,2025-03-06 11:00:00,A,520,424,7
PR02837,M004,P010,2025-06-04 17:30:00,A,307,257,10
PR02838,M016,P002,2025-11-26 07:15:00,C,682,647,21
PR02839,M013,P003,2025-02-01 00:00:00,A,961,686,20
PR02840,M012,P010,2025-06-24 12:30:00,B,804,549,25
PR02841,M012,P012,2025-01-02 23:45:00,A,893,971,5
PR02842,M015,P008,2025-03-11 23:15:00,C,384,392,16
PR02843,M004,P010,2025-02-08 09:30:00,B,685,558,16
PR02844,M014,P007,2025-06-30 06:00:00,C,382,301,18
PR02845,M005,P001,2025-08-08 10:00:00,C,652,438,12
PR02846,M014,P011,2025-03-23 17:00:00,A,963,818,29
PR02847,M015,P001,2025-11-16 01:15:00,B,435,336,13
PR02848,M007,P011,2025-11-19 15:45:00,B,509,397,5
PR02849,M010,P011,2025-03-05 17:30:00,C,899,721,29
PR02850,M005,P010,2025-07-08 13:15:00,B,809,582,12
PR02851,M008,P010,2025-04-09 00:00:00,C,329,350,17
PR02852,M005,P005,2025-10-17 22:15:00,B,549,600,5
PR02853,M009,P002,2025-06-26 19:45:00,B,689,676,39
PR02854,M003,P015,2025-12-04 17:15:00,B,999,927,22
PR02855,M013,P013,2025-04-18 16:15:00,B,342,267,2
PR02856,M008,P014,2025-03-25 22:45:00,B,702,528,15
PR02857,M008,P008,2025-02-02 04:45:00,B,487,512,30
PR02858,M009,P009,2025-12-11 12:30:00,B,695,683,40
PR02859,M004,P001,2025-09-19 09:45:00,B,463,379,17
PR02860,M005,P010,2025-07-28 20:15:00,B,622,407,11
PR02861,M015,P015,2025-06-17 12:30:00,B,412,285,13
PR02862,M001,P010,2025-12-31 15:15:00,B,911,904,41
PR02863,M012,P015,2025-10-27 06:30:00,A,575,634,14
PR02864,M001,P005,2025-04-06 04:15:00,B,599,644,20
PR02865,M015,P001,2025-09-10 23:45:00,A,440,395,16
PR02866,M005,P013,2025-04-28 20:15:00,A,395,304,11
PR02867,M013,P008,2025-04-09 14:15:00,B,357,367,3
PR02868,M005,P014,2025-08-16 00:45:00,C,501,408,7
PR02869,M002,P015,2025-08-07 06:00:00,C,415,349,5
PR02870,M009,P013,2025-12-13 16:30:00,C,815,904,11
PR02871,M017,P003,2025-04-15 06:15:00,C,733,736,42
PR02872,M007,P007,2025-10-04 19:45:00,A,810,764,31
PR02873,M001,P009,2025-06-21 20:30:00,B,921,1023,39
PR02874,M020,P006,2025-08-03 08:00:00,A,416,384,5
PR02875,M011,P005,2025-10-16 06:30:00,B,351,427,4
PR02876,M002,P009,2025-02-26 15:30:00,A,843,810,44
PR02877,M003,P006,2025-04-21 16:00:00,B,592,507,10
PR02878,M007,P009,2025-07-17 16:30:00,C,377,377,19
PR02879,M002,P004,2025-12-02 03:30:00,A,827,749,18
PR02880,M011,P007,2025-11-16 20:00:00,B,405,432,14
PR02881,M005,P015,2025-08-18 03:45:00,B,761,786,30
PR02882,M007,P008,2025-12-03 03:45:00,C,920,857,31
PR02883,M014,P002,2025-02-22 13:00:00,A,409,381,19
PR02884,M017,P004,2025-10-19 18:45:00,C,694,593,22
PR02885,M018,P004,2025-04-12 05:45:00,B,367,357,2
PR02886,M014,P006,2025-04-08 08:30:00,B,959,885,33
PR02887,M017,P003,2025-12-28 04:30:00,B,552,472,19
PR02888,M016,P006,2025-03-23 12:45:00,C,975,778,24
PR02889,M007,P001,2025-01-23 02:30:00,A,852,897,28
PR02890,M006,P008,2025-01-04 04:30:00,B,509,379,19
PR02891,M006,P006,2025-08-09 18:15:00,A,561,427,19
PR02892,M018,P008,2025-09-23 11:30:00,A,736,509,9
PR02893,M008,P009,2025-01-04 17:45:00,C,428,472,22
PR02894,M004,P002,2025-03-27 15:45:00,C,780,648,30
PR02895,M001,P013,2025-05-30 04:30:00,C,431,377,10
PR02896,M005,P012,2025-02-01 00:45:00,B,384,302,2
PR02897,M016,P014,2025-03-14 06:30:00,C,991,828,7
PR02898,M014,P015,2025-12-06 14:45:00,A,396,445,23
PR02899,M013,P013,2025-12-14 18:45:00,B,410,341,16
PR02900,M017,P014,2025-07-28 09:00:00,A,921,829,35
PR02901,M010,P003,2025-04-10 09:30:00,C,316,225,13
PR02902,M006,P003,2025-07-14 21:30:00,A,500,481,19
PR02903,M010,P008,2025-10-24 02:30:00,C,549,579,14
PR02904,M019,P002,2025-05-05 13:00:00,A,416,312,15
PR02905,M001,P009,2025-06-18 01:00:00,A,344,237,7
PR02906,M009,P014,2025-03-10 12:30:00,B,873,734,12
PR02907,M007,P006,2025-06-22 19:45:00,B,869,922,30
PR02908,M019,P002,2025-02-15 19:15:00,B,410,366,10
PR02909,M001,P015,2025-07-16 07:45:00,A,948,801,40
PR02910,M017,P003,2025-02-16 15:15:00,B,973,908,23
PR02911,M005,P005,2025-07-21 17:30:00,A,570,569,25
PR02912,M003,P005,2025-01-21 01:15:00,C,321,283,12
PR02913,M005,P008,2025-07-13 00:30:00,A,388,332,5
PR02914,M007,P004,2025-07-25 20:15:00,B,358,359,16
PR02915,M003,P015,2025-08-04 20:15:00,A,690,651,32
PR02916,M019,P004,2025-01-30 23:00:00,A,903,593,30
PR02917,M006,P009,2025-10-11 14:00:00,C,303,283,16
PR02918,M020,P013,2025-04-29 10:30:00,A,366,368,20
PR02919,M015,P007,2025-11-16 21:00:00,B,936,949,16
PR02920,M001,P009,2025-02-15 07:45:00,A,703,558,31
PR02921,M015,P015,2025-03-13 04:45:00,C,832,661,24
PR02922,M003,P001,2025-05-12 14:00:00,B,655,631,11
PR02923,M007,P010,2025-12-15 17:15:00,B,990,993,29
PR02924,M004,P012,2025-11-13 16:30:00,B,442,403,15
PR02925,M001,P013,2025-03-13 21:45:00,C,920,796,20
PR02926,M017,P008,2025-02-23 12:45:00,B,737,657,35
PR02927,M012,P001,2025-07-23 04:15:00,A,718,718,30
PR02928,M006,P003,2025-12-02 12:15:00,B,770,828,12
PR02929,M015,P011,2025-08-10 13:45:00,B,827,798,34
PR02930,M020,P011,2025-02-13 12:30:00,C,473,368,20
PR02931,M004,P003,2025-10-03 19:00:00,B,774,583,21
PR02932,M020,P014,2025-06-24 19:45:00,B,791,670,19
PR02933,M001,P006,2025-07-14 09:00:00,A,862,909,42
PR02934,M013,P006,2025-02-07 22:30:00,B,427,409,5
PR02935,M012,P014,2025-10-10 18:15:00,B,885,680,39
PR02936,M010,P009,2025-06-29 02:45:00,B,382,322,17
PR02937,M006,P009,2025-01-21 01:30:00,B,344,227,9
PR02938,M008,P011,2025-10-15 15:30:00,A,954,829,6
PR02939,M003,P011,2025-03-14 18:15:00,C,318,241,10
PR02940,M001,P007,2025-07-20 20:00:00,C,805,640,23
PR02941,M007,P014,2025-11-26 19:30:00,A,452,523,14
PR02942,M016,P011,2025-11-21 17:00:00,A,693,599,4
PR02943,M019,P008,2025-01-11 04:30:00,B,476,476,9
PR02944,M003,P013,2025-05-03 15:30:00,C,325,286,7
PR02945,M016,P005,2025-05-22 09:45:00,A,979,1019,49
PR02946,M012,P004,2025-07-14 17:45:00,B,513,463,10
PR02947,M014,P006,2025-06-19 23:00:00,C,587,463,16
PR02948,M008,P011,2025-04-12 21:30:00,B,818,666,14
PR02949,M013,P014,2025-12-02 17:45:00,B,945,699,20
PR02950,M015,P008,2025-09-23 10:15:00,B,457,354,15
PR02951,M014,P013,2025-09-26 15:00:00,C,820,851,46
PR02952,M014,P010,2025-10-15 06:30:00,C,607,510,30
PR02953,M012,P012,2025-06-22 17:00:00,A,664,479,23
PR02954,M001,P001,2025-11-02 05:30:00,B,710,600,27
PR02955,M016,P015,2025-04-11 08:15:00,A,917,861,25
PR02956,M001,P004,2025-10-30 10:30:00,C,950,932,22
PR02957,M005,P012,2025-01-15 02:45:00,C,441,388,3
PR02958,M018,P002,2025-11-22 00:30:00,B,651,473,7
PR02959,M008,P014,2025-04-18 10:15:00,A,366,255,11
PR02960,M004,P002,2025-09-09 19:30:00,A,492,374,17
PR02961,M015,P014,2025-05-03 21:30:00,B,889,671,17
PR02962,M012,P002,2025-03-18 17:45:00,C,991,848,13
PR02963,M010,P006,2025-01-27 16:30:00,A,807,666,16
PR02964,M003,P010,2025-05-13 20:45:00,A,341,395,20
PR02965,M008,P012,2025-06-15 03:00:00,B,788,785,19
PR02966,M004,P007,2025-12-24 01:45:00,B,438,375,13
PR02967,M011,P014,2025-04-13 07:45:00,B,556,497,5
PR02968,M014,P001,2025-07-11 13:15:00,C,735,597,6
PR02969,M020,P015,2025-05-12 16:00:00,A,823,862,5
PR02970,M001,P013,2025-08-06 18:15:00,A,385,332,10
PR02971,M011,P012,2025-11-13 19:30:00,C,375,317,7
PR02972,M014,P008,2025-10-30 17:15:00,A,428,450,20
PR02973,M017,P001,2025-12-13 03:15:00,B,520,435,24
PR02974,M005,P006,2025-09-15 11:00:00,C,973,863,12
PR02975,M008,P002,2025-05-05 12:30:00,A,675,478,23
PR02976,M015,P003,2025-05-11 04:45:00,C,670,627,18
PR02977,M003,P009,2025-11-09 02:00:00,C,639,556,11
PR02978,M008,P015,2025-04-14 20:30:00,A,554,490,19
PR02979,M011,P001,2025-01-20 21:15:00,B,980,1034,42
PR02980,M013,P015,2025-03-17 21:00:00,B,989,1047,40
PR02981,M002,P012,2025-02-02 14:15:00,C,465,431,17
PR02982,M013,P010,2025-09-08 07:15:00,A,460,331,12
PR02983,M005,P010,2025-06-14 14:15:00,C,995,884,6
PR02984,M020,P012,2025-12-16 14:45:00,C,301,248,5
PR02985,M001,P003,2025-02-11 11:15:00,C,357,288,17
PR02986,M007,P012,2025-07-13 23:15:00,B,873,789,31
PR02987,M008,P011,2025-11-23 11:00:00,A,474,404,11
PR02988,M012,P005,2025-05-20 00:15:00,C,579,501,22
PR02989,M008,P014,2025-02-05 17:15:00,C,545,532,5
PR02990,M011,P002,2025-12-07 04:45:00,A,476,351,19
PR02991,M018,P011,2025-05-06 08:45:00,C,361,266,3
PR02992,M007,P011,2025-03-28 11:15:00,C,477,367,13
PR02993,M001,P004,2025-02-09 21:45:00,C,835,644,18
PR02994,M008,P012,2025-10-17 21:00:00,B,964,984,31
PR02995,M002,P001,2025-11-04 00:45:00,A,822,753,24
PR02996,M002,P008,2025-07-01 04:00:00,A,563,585,6
PR02997,M018,P014,2025-08-22 03:45:00,C,547,406,20
PR02998,M003,P013,2025-06-14 03:15:00,A,521,508,17
PR02999,M005,P010,2025-10-27 02:30:00,B,958,793,30
PR03000,M016,P002,2025-06-26 10:45:00,A,417,424,13
PR03001,M019,P006,2025-08-13 14:00:00,B,991,876,25
PR03002,M008,P001,2025-02-24 04:45:00,B,690,736,22
PR03003,M010,P014,2025-07-06 15:15:00,A,769,515,16
PR03004,M010,P011,2025-03-26 23:15:00,B,522,486,27
PR03005,M001,P005,2025-02-05 09:30:00,C,700,744,33
PR03006,M006,P011,2025-02-26 02:45:00,C,726,759,32
PR03007,M014,P004,2025-02-22 11:15:00,B,602,571,20
PR03008,M019,P007,2025-05-15 15:00:00,C,556,501,13
PR03009,M009,P009,2025-09-19 15:00:00,A,521,363,2
PR03010,M003,P013,2025-09-07 21:15:00,B,711,666,29
PR03011,M011,P010,2025-10-23 05:15:00,A,908,666,5
PR03012,M005,P010,2025-05-24 02:00:00,A,570,389,18
PR03013,M001,P002,2025-02-11 17:45:00,C,474,385,13
PR03014,M011,P011,2025-02-28 14:45:00,B,967,748,38
PR03015,M002,P006,2025-09-27 19:30:00,A,890,783,31
PR03016,M014,P013,2025-03-11 03:45:00,B,427,372,13
PR03017,M001,P007,2025-08-02 11:00:00,A,866,758,41
PR03018,M014,P004,2025-09-10 06:30:00,A,716,640,7
PR03019,M014,P002,2025-03-28 19:45:00,B,675,668,35
PR03020,M003,P002,2025-11-02 09:45:00,C,523,475,17
PR03021,M007,P011,2025-04-19 16:00:00,A,701,690,8
PR03022,M006,P002,2025-09-13 02:45:00,B,805,663,32
PR03023,M017,P006,2025-04-24 22:15:00,B,731,777,24
PR03024,M008,P008,2025-10-24 01:00:00,C,617,573,29
PR03025,M014,P015,2025-03-25 19:30:00,A,602,521,12
PR03026,M007,P010,2025-12-15 19:00:00,C,456,367,7
PR03027,M006,P006,2025-03-20 04:30:00,C,650,498,19
PR03028,M004,P014,2025-02-04 20:30:00,C,805,819,45
PR03029,M020,P005,2025-04-04 22:15:00,B,715,755,13
PR03030,M011,P007,2025-05-13 03:15:00,A,868,734,13
PR03031,M011,P013,2025-01-27 19:15:00,C,308,336,11
PR03032,M019,P009,2025-01-24 20:45:00,B,977,766,41
PR03033,M004,P008,2025-03-11 20:30:00,B,332,306,4
PR03034,M014,P007,2025-11-22 06:30:00,C,966,977,55
PR03035,M016,P012,2025-02-02 02:15:00,A,520,474,14
PR03036,M006,P005,2025-03-03 15:15:00,A,600,658,29
PR03037,M008,P013,2025-11-30 05:15:00,A,576,381,19
PR03038,M010,P015,2025-07-30 21:15:00,A,489,433,12
PR03039,M018,P014,2025-02-18 17:00:00,B,964,963,45
PR03040,M012,P001,2025-03-21 21:00:00,C,461,468,9
PR03041,M017,P007,2025-11-04 09:45:00,C,721,622,26
PR03042,M010,P002,2025-02-03 10:45:00,B,580,410,20
PR03043,M011,P005,2025-09-11 11:15:00,C,935,835,26
PR03044,M017,P015,2025-03-10 09:30:00,A,395,310,12
PR03045,M019,P010,2025-07-17 02:00:00,A,327,298,6
PR03046,M014,P010,2025-01-19 20:15:00,C,547,516,23
PR03047,M009,P002,2025-08-05 19:15:00,A,471,440,4
PR03048,M008,P013,2025-11-17 17:15:00,B,923,933,48
PR03049,M009,P007,2025-03-06 08:15:00,A,601,414,19
PR03050,M004,P012,2025-04-14 09:15:00,C,543,451,14
PR03051,M010,P004,2025-07-15 13:30:00,C,338,311,6
PR03052,M011,P001,2025-10-15 05:45:00,B,935,958,34
PR03053,M017,P013,2025-05-18 06:30:00,C,322,244,13
PR03054,M008,P010,2025-07-11 19:30:00,B,791,887,47
PR03055,M011,P001,2025-11-06 13:30:00,B,634,450,14
PR03056,M019,P006,2025-08-23 03:15:00,B,304,183,7
PR03057,M013,P011,2025-03-11 17:45:00,B,517,603,23
PR03058,M009,P008,2025-09-22 13:45:00,A,760,703,27
PR03059,M014,P010,2025-07-29 22:00:00,A,768,751,39
PR03060,M007,P013,2025-02-13 08:45:00,C,384,282,16
PR03061,M011,P001,2025-05-14 22:45:00,C,405,308,9
PR03062,M010,P005,2025-06-23 02:45:00,C,320,313,8
PR03063,M014,P010,2025-12-16 05:15:00,C,590,605,33
PR03064,M011,P013,2025-06-17 00:30:00,B,631,620,4
PR03065,M009,P015,2025-07-29 22:15:00,A,796,734,34
PR03066,M006,P015,2025-10-15 13:00:00,B,782,816,28
PR03067,M008,P009,2025-08-17 03:30:00,B,334,295,13
PR03068,M010,P009,2025-12-28 15:45:00,A,476,558,30
PR03069,M018,P014,2025-11-19 13:15:00,A,829,737,20
PR03070,M003,P001,2025-12-10 12:15:00,A,630,544,9
PR03071,M010,P011,2025-03-14 14:45:00,C,915,816,13
PR03072,M016,P001,2025-07-08 04:45:00,A,770,642,16
PR03073,M010,P004,2025-07-18 10:45:00,C,450,345,7
PR03074,M008,P004,2025-11-01 08:45:00,A,820,855,22
PR03075,M002,P008,2025-10-03 02:15:00,A,500,366,11
PR03076,M014,P003,2025-03-05 14:30:00,C,586,618,19
PR03077,M020,P015,2025-07-31 04:45:00,C,550,554,4
PR03078,M012,P010,2025-11-06 15:45:00,B,571,583,34
PR03079,M007,P008,2025-12-17 09:15:00,C,592,601,15
PR03080,M018,P008,2025-08-24 08:00:00,B,545,467,14
PR03081,M020,P008,2025-01-13 08:15:00,B,323,305,3
PR03082,M007,P011,2025-04-13 09:00:00,A,377,319,10
PR03083,M014,P006,2025-01-31 19:00:00,B,333,382,17
PR03084,M011,P004,2025-07-02 23:15:00,C,547,560,25
PR03085,M005,P007,2025-06-20 20:45:00,B,674,619,33
PR03086,M019,P012,2025-01-17 20:00:00,A,337,252,2
PR03087,M003,P010,2025-02-05 01:15:00,C,615,573,16
PR03088,M004,P011,2025-11-03 16:45:00,B,621,636,6
PR03089,M014,P015,2025-09-15 06:45:00,A,583,554,17
PR03090,M015,P012,2025-09-19 20:45:00,C,823,763,4
PR03091,M005,P006,2025-07-30 12:45:00,B,860,892,23
PR03092,M009,P012,2025-06-25 19:30:00,A,317,282,11
PR03093,M010,P014,2025-12-26 07:15:00,A,303,278,8
PR03094,M006,P015,2025-06-11 08:45:00,A,996,794,27
PR03095,M010,P008,2025-02-04 08:00:00,B,663,524,13
PR03096,M015,P012,2025-08-19 07:15:00,C,865,776,8
PR03097,M011,P010,2025-09-14 10:15:00,B,567,544,3
PR03098,M017,P008,2025-05-25 03:00:00,C,988,721,32
PR03099,M010,P015,2025-04-26 11:00:00,B,850,868,24
PR03100,M012,P002,2025-09-03 09:00:00,C,508,329,5
PR03101,M014,P013,2025-12-12 06:00:00,B,444,357,20
PR03102,M018,P006,2025-10-01 02:30:00,C,515,567,32
PR03103,M002,P013,2025-03-27 22:00:00,C,800,701,35
PR03104,M013,P006,2025-09-25 09:00:00,B,474,570,20
PR03105,M004,P010,2025-09-23 03:45:00,A,771,633,10
PR03106,M002,P004,2025-06-09 17:00:00,C,860,878,41
PR03107,M006,P002,2025-02-03 08:45:00,C,493,372,5
PR03108,M019,P012,2025-11-08 11:45:00,A,547,491,25
PR03109,M013,P002,2025-03-30 02:30:00,A,458,413,4
PR03110,M002,P002,2025-05-08 02:30:00,B,956,825,13
PR03111,M004,P015,2025-04-25 01:15:00,A,360,353,12
PR03112,M011,P006,2025-11-12 23:45:00,B,669,666,14
PR03113,M018,P012,2025-07-28 23:45:00,A,543,502,11
PR03114,M020,P005,2025-11-02 18:00:00,B,444,482,19
PR03115,M001,P007,2025-03-20 01:45:00,A,614,665,33
PR03116,M001,P001,2025-12-22 23:45:00,C,956,788,31
PR03117,M005,P007,2025-09-27 20:15:00,C,463,482,13
PR03118,M013,P003,2025-03-06 04:00:00,C,948,1002,25
PR03119,M003,P012,2025-07-15 19:45:00,A,449,338,12
PR03120,M012,P008,2025-01-06 11:15:00,A,442,450,18
PR03121,M015,P015,2025-03-09 17:45:00,B,350,345,20
PR03122,M015,P002,2025-10-14 10:45:00,A,431,357,6
PR03123,M017,P015,2025-11-09 11:00:00,C,602,558,13
PR03124,M013,P001,2025-01-12 22:15:00,B,946,967,26
PR03125,M016,P005,2025-10-10 00:15:00,B,486,367,8
PR03126,M003,P011,2025-07-24 22:30:00,C,342,351,2
PR03127,M013,P006,2025-10-27 16:30:00,C,746,633,6
PR03128,M017,P015,2025-07-01 13:15:00,C,525,453,15
PR03129,M008,P002,2025-08-15 23:45:00,A,655,667,26
PR03130,M005,P014,2025-07-19 21:00:00,C,726,681,37
PR03131,M009,P011,2025-01-12 02:00:00,B,498,487,25
PR03132,M004,P013,2025-02-10 18:00:00,C,519,470,8
PR03133,M019,P012,2025-05-12 16:30:00,A,551,551,12
PR03134,M018,P004,2025-05-13 14:00:00,C,670,525,15
PR03135,M005,P011,2025-07-03 02:45:00,C,785,668,30
PR03136,M017,P007,2025-07-21 15:00:00,C,869,721,24
PR03137,M018,P011,2025-09-28 23:45:00,A,639,523,7
PR03138,M004,P009,2025-03-23 16:15:00,A,849,847,40
PR03139,M010,P011,2025-03-20 07:30:00,B,514,412,12
PR03140,M009,P006,2025-09-06 13:45:00,C,814,566,32
PR03141,M008,P006,2025-04-23 15:30:00,C,587,563,7
PR03142,M011,P010,2025-04-13 02:45:00,C,630,622,26
PR03143,M003,P012,2025-03-23 16:45:00,C,581,504,29
PR03144,M014,P008,2025-05-30 16:45:00,B,1000,1047,59
PR03145,M014,P006,2025-03-03 23:00:00,B,931,850,17
PR03146,M015,P009,2025-02-06 11:45:00,C,618,657,25
PR03147,M002,P014,2025-08-07 07:00:00,A,351,340,17
PR03148,M016,P011,2025-07-22 06:00:00,C,387,439,10
PR03149,M010,P013,2025-03-21 05:30:00,C,448,335,15
PR03150,M017,P013,2025-11-04 05:45:00,B,690,642,5
PR03151,M007,P004,2025-08-12 20:00:00,B,384,453,9
PR03152,M008,P006,2025-10-11 00:00:00,C,641,596,17
PR03153,M012,P004,2025-07-24 12:45:00,C,406,415,22
PR03154,M009,P015,2025-03-20 12:00:00,C,929,991,31
PR03155,M010,P010,2025-07-26 20:15:00,C,807,580,16
PR03156,M015,P012,2025-02-02 03:15:00,C,843,814,20
PR03157,M011,P012,2025-12-16 04:30:00,C,343,330,8
PR03158,M011,P009,2025-12-03 06:15:00,A,320,345,10
PR03159,M017,P005,2025-02-15 05:45:00,B,486,433,12
PR03160,M016,P014,2025-07-22 00:45:00,B,874,868,44
PR03161,M019,P011,2025-02-12 21:00:00,C,921,798,7
PR03162,M007,P011,2025-05-22 09:00:00,A,614,585,8
PR03163,M019,P008,2025-08-08 08:15:00,B,832,829,34
PR03164,M002,P008,2025-08-14 14:45:00,A,658,521,12
PR03165,M008,P013,2025-07-05 10:30:00,B,927,762,39
PR03166,M019,P003,2025-10-02 15:45:00,A,404,317,9
PR03167,M008,P005,2025-01-02 18:30:00,A,927,988,57
PR03168,M002,P011,2025-06-27 06:30:00,A,907,816,10
PR03169,M009,P004,2025-02-26 03:30:00,C,958,753,16
PR03170,M012,P008,2025-02-06 21:30:00,C,849,766,11
PR03171,M010,P002,2025-06-22 12:30:00,B,406,313,12
PR03172,M005,P004,2025-10-01 10:30:00,A,778,711,30
PR03173,M012,P008,2025-10-02 11:30:00,C,657,630,23
PR03174,M014,P007,2025-11-03 09:45:00,A,670,661,7
PR03175,M010,P008,2025-03-21 16:30:00,A,943,902,16
PR03176,M015,P011,2025-06-03 00:45:00,C,404,292,14
PR03177,M010,P002,2025-02-19 08:45:00,C,985,907,39
PR03178,M007,P008,2025-06-28 22:30:00,B,885,683,5
PR03179,M001,P002,2025-07-10 22:45:00,B,337,305,8
PR03180,M015,P012,2025-06-28 19:00:00,A,974,1006,47
PR03181,M017,P006,2025-07-16 14:30:00,B,888,598,9
PR03182,M019,P013,2025-12-15 03:45:00,A,459,334,16
PR03183,M016,P004,2025-12-07 17:45:00,B,755,653,32
PR03184,M005,P009,2025-12-11 11:45:00,C,346,435,13
PR03185,M001,P002,2025-04-20 08:00:00,B,518,407,6
PR03186,M020,P004,2025-04-08 01:45:00,B,617,495,20
PR03187,M003,P012,2025-07-27 21:15:00,B,621,561,16
PR03188,M015,P011,2025-09-24 00:15:00,C,983,667,5
PR03189,M011,P003,2025-04-27 11:45:00,C,673,658,22
PR03190,M003,P003,2025-08-01 07:45:00,C,905,1013,44
PR03191,M006,P002,2025-09-25 12:45:00,B,897,699,40
PR03192,M003,P015,2025-11-17 21:15:00,A,630,602,30
PR03193,M011,P008,2025-10-27 15:15:00,B,641,672,31
PR03194,M006,P006,2025-11-19 20:30:00,C,686,694,30
PR03195,M011,P002,2025-06-12 08:30:00,A,378,336,12
PR03196,M005,P001,2025-07-15 14:15:00,A,823,914,39
PR03197,M004,P009,2025-10-10 20:00:00,B,907,753,25
PR03198,M003,P005,2025-09-12 02:30:00,C,691,617,9
PR03199,M015,P003,2025-09-25 07:15:00,C,548,532,6
PR03200,M013,P015,2025-04-17 12:00:00,B,500,348,11
PR03201,M018,P004,2025-08-28 15:00:00,B,886,596,17
PR03202,M003,P011,2025-07-13 04:30:00,B,302,294,12
PR03203,M002,P011,2025-04-05 03:45:00,B,450,266,7
PR03204,M006,P007,2025-02-22 16:45:00,B,888,691,12
PR03205,M013,P001,2025-12-02 10:45:00,B,562,513,20
PR03206,M019,P001,2025-12-17 07:00:00,C,696,701,13
PR03207,M020,P008,2025-12-30 15:00:00,C,534,415,5
PR03208,M013,P009,2025-01-28 03:00:00,A,682,672,7
PR03209,M003,P010,2025-10-24 12:45:00,A,311,316,18
PR03210,M001,P003,2025-11-23 12:15:00,A,649,769,21
PR03211,M005,P014,2025-02-27 13:00:00,C,863,782,26
PR03212,M010,P004,2025-04-29 06:30:00,C,858,706,23
PR03213,M003,P008,2025-11-15 20:00:00,B,304,194,4
PR03214,M012,P002,2025-06-23 08:45:00,A,887,731,31
PR03215,M008,P004,2025-03-25 23:00:00,A,611,456,25
PR03216,M016,P010,2025-10-20 10:30:00,C,825,863,32
PR03217,M001,P004,2025-01-07 07:30:00,A,917,769,40
PR03218,M005,P005,2025-06-26 13:45:00,C,358,375,8
PR03219,M018,P010,2025-07-15 00:30:00,B,395,420,20
PR03220,M018,P008,2025-04-17 07:45:00,B,694,703,8
PR03221,M019,P013,2025-08-23 14:45:00,C,362,256,15
PR03222,M008,P001,2025-08-21 21:15:00,A,381,392,12
PR03223,M016,P015,2025-04-26 05:30:00,B,894,898,27
PR03224,M002,P010,2025-06-24 03:00:00,B,609,501,27
PR03225,M010,P003,2025-12-25 14:15:00,B,419,418,22
PR03226,M016,P007,2025-01-27 14:30:00,A,893,872,19
PR03227,M012,P005,2025-02-23 03:00:00,C,795,814,44
PR03228,M015,P003,2025-06-29 13:30:00,A,772,581,21
PR03229,M007,P010,2025-07-18 21:15:00,A,603,532,3
PR03230,M014,P001,2025-11-08 16:30:00,B,689,732,18
PR03231,M014,P013,2025-07-14 23:15:00,C,965,924,11
PR03232,M012,P008,2025-09-01 01:45:00,A,751,795,23
PR03233,M015,P002,2025-12-01 06:45:00,C,447,336,18
PR03234,M018,P010,2025-02-13 01:45:00,B,544,586,7
PR03235,M006,P004,2025-03-30 05:00:00,A,716,718,15
PR03236,M008,P005,2025-12-17 07:00:00,B,446,310,12
PR03237,M009,P012,2025-07-14 00:45:00,A,328,367,22
PR03238,M011,P008,2025-12-15 00:45:00,C,926,771,9
PR03239,M002,P001,2025-07-20 10:15:00,B,913,779,25
PR03240,M011,P004,2025-05-16 08:30:00,A,594,566,27
PR03241,M001,P006,2025-03-01 18:00:00,A,562,421,5
PR03242,M016,P009,2025-08-16 13:30:00,B,435,395,19
PR03243,M005,P003,2025-10-09 16:45:00,A,857,735,33
PR03244,M011,P009,2025-05-08 02:45:00,B,335,341,3
PR03245,M017,P008,2025-08-01 06:15:00,A,852,807,11
PR03246,M014,P003,2025-12-25 02:30:00,C,461,441,16
PR03247,M018,P009,2025-02-27 15:45:00,C,617,488,23
PR03248,M006,P009,2025-01-04 15:00:00,B,319,278,12
PR03249,M001,P002,2025-06-09 10:00:00,C,453,492,21
PR03250,M009,P009,2025-09-08 11:30:00,B,675,733,6
PR03251,M011,P011,2025-11-14 04:00:00,C,356,363,19
PR03252,M015,P005,2025-01-10 03:30:00,B,475,447,19
PR03253,M018,P015,2025-03-29 01:15:00,A,707,465,10
PR03254,M008,P012,2025-04-14 00:30:00,C,819,858,11
PR03255,M020,P003,2025-04-21 12:00:00,A,736,566,17
PR03256,M011,P009,2025-03-10 12:45:00,C,377,322,13
PR03257,M020,P014,2025-02-21 19:45:00,B,307,248,7
PR03258,M005,P001,2025-12-09 04:00:00,A,932,719,7
PR03259,M001,P014,2025-10-15 04:30:00,B,429,320,10
PR03260,M019,P015,2025-10-22 20:15:00,A,788,645,21
PR03261,M015,P002,2025-06-25 17:30:00,B,630,697,34
PR03262,M010,P012,2025-11-04 05:00:00,A,777,684,39
PR03263,M005,P006,2025-06-08 05:30:00,C,874,906,12
PR03264,M016,P012,2025-02-10 16:15:00,B,371,250,10
PR03265,M010,P004,2025-05-01 20:45:00,C,772,709,11
PR03266,M013,P006,2025-06-25 09:45:00,B,831,728,28
PR03267,M006,P010,2025-02-26 10:45:00,C,614,439,3
PR03268,M005,P005,2025-01-25 07:30:00,B,846,800,32
PR03269,M014,P012,2025-10-25 13:00:00,B,941,715,27
PR03270,M013,P007,2025-09-05 07:45:00,C,725,564,30
PR03271,M020,P004,2025-12-22 04:15:00,A,674,554,15
PR03272,M011,P003,2025-11-01 02:30:00,B,944,1018,56
PR03273,M016,P014,2025-05-04 03:00:00,B,771,619,5
PR03274,M005,P015,2025-08-04 18:00:00,C,311,322,11
PR03275,M006,P010,2025-04-25 06:30:00,C,925,839,18
PR03276,M016,P013,2025-11-23 07:30:00,B,931,772,21
PR03277,M010,P008,2025-02-12 11:15:00,C,909,679,37
PR03278,M020,P010,2025-05-01 12:30:00,A,310,260,4
PR03279,M010,P005,2025-10-22 01:00:00,A,742,602,31
PR03280,M011,P005,2025-08-20 16:45:00,C,555,572,25
PR03281,M002,P012,2025-01-27 22:30:00,B,480,491,19
PR03282,M008,P011,2025-08-15 11:30:00,C,884,742,12
PR03283,M006,P013,2025-07-24 18:00:00,C,583,501,19
PR03284,M007,P004,2025-06-27 05:45:00,C,871,904,21
PR03285,M007,P001,2025-02-20 07:15:00,A,320,342,14
PR03286,M016,P015,2025-04-28 13:30:00,B,403,445,6
PR03287,M002,P006,2025-01-12 20:30:00,A,495,472,8
PR03288,M001,P008,2025-07-24 01:15:00,C,554,566,13
PR03289,M009,P011,2025-02-15 11:30:00,C,632,513,30
PR03290,M010,P006,2025-01-27 08:15:00,B,455,475,24
PR03291,M011,P004,2025-06-06 02:00:00,C,907,832,8
PR03292,M012,P015,2025-01-19 15:00:00,A,900,702,13
PR03293,M016,P002,2025-06-28 22:15:00,B,617,579,5
PR03294,M013,P007,2025-12-21 15:30:00,A,666,658,8
PR03295,M014,P003,2025-03-30 16:15:00,A,584,567,7
PR03296,M001,P008,2025-12-10 21:30:00,B,742,604,7
PR03297,M012,P011,2025-02-07 10:00:00,C,596,444,12
PR03298,M007,P012,2025-08-04 19:45:00,B,771,840,18
PR03299,M014,P012,2025-01-13 16:00:00,A,907,740,35
PR03300,M017,P009,2025-01-26 23:15:00,C,914,728,37
PR03301,M008,P009,2025-02-20 17:15:00,C,339,313,4
PR03302,M012,P015,2025-02-28 13:45:00,B,848,829,8
PR03303,M018,P009,2025-11-02 01:30:00,A,942,664,18
PR03304,M005,P012,2025-07-14 15:15:00,B,836,595,19
PR03305,M015,P004,2025-03-22 00:00:00,B,989,975,39
PR03306,M001,P009,2025-08-04 09:00:00,A,777,675,30
PR03307,M009,P006,2025-01-26 12:45:00,B,832,736,19
PR03308,M013,P008,2025-11-08 17:15:00,B,721,586,5
PR03309,M018,P006,2025-10-16 01:45:00,B,688,619,5
PR03310,M020,P013,2025-02-21 02:45:00,B,611,480,4
PR03311,M015,P004,2025-07-25 06:30:00,C,554,593,23
PR03312,M012,P007,2025-03-17 00:00:00,B,437,376,19
PR03313,M016,P012,2025-04-20 07:45:00,C,788,707,7
PR03314,M016,P011,2025-09-04 03:15:00,A,725,603,12
PR03315,M011,P006,2025-01-07 03:15:00,A,568,567,28
PR03316,M002,P011,2025-12-03 01:30:00,C,602,587,4
PR03317,M016,P003,2025-10-28 17:15:00,B,881,871,29
PR03318,M010,P004,2025-07-13 03:45:00,C,519,399,20
PR03319,M010,P010,2025-04-23 21:00:00,A,328,262,4
PR03320,M014,P006,2025-01-10 15:30:00,B,408,370,13
PR03321,M013,P003,2025-07-31 12:15:00,A,824,765,26
PR03322,M006,P003,2025-06-22 04:45:00,A,635,571,5
PR03323,M004,P003,2025-01-20 04:15:00,B,593,406,21
PR03324,M009,P002,2025-02-10 21:30:00,C,831,794,6
PR03325,M004,P014,2025-11-19 05:00:00,A,644,471,16
PR03326,M009,P008,2025-04-22 18:15:00,C,799,733,16
PR03327,M018,P013,2025-11-11 01:45:00,B,498,415,16
PR03328,M009,P012,2025-06-05 09:15:00,C,315,278,14
PR03329,M010,P006,2025-03-18 08:45:00,A,495,487,15
PR03330,M013,P011,2025-04-26 02:00:00,C,845,657,9
PR03331,M001,P005,2025-03-04 08:00:00,B,918,895,23
PR03332,M020,P003,2025-02-17 16:00:00,C,404,378,19
PR03333,M010,P002,2025-06-11 12:15:00,A,611,562,27
PR03334,M017,P002,2025-04-23 08:00:00,A,587,466,22
PR03335,M008,P003,2025-10-15 20:00:00,B,619,526,23
PR03336,M015,P001,2025-11-22 03:45:00,C,901,857,19
PR03337,M015,P002,2025-07-04 13:00:00,B,886,892,49
PR03338,M004,P005,2025-12-05 16:45:00,B,839,607,4
PR03339,M016,P010,2025-07-19 08:30:00,B,785,604,25
PR03340,M015,P005,2025-01-28 14:30:00,B,327,223,12
PR03341,M013,P012,2025-11-13 20:45:00,C,303,290,13
PR03342,M001,P014,2025-05-28 02:15:00,B,945,866,19
PR03343,M018,P001,2025-01-09 07:15:00,B,736,707,6
PR03344,M001,P009,2025-09-08 12:15:00,C,389,384,3
PR03345,M013,P015,2025-07-27 20:30:00,B,602,547,15
PR03346,M015,P010,2025-01-11 01:30:00,B,751,637,21
PR03347,M013,P013,2025-10-15 12:30:00,A,820,670,27
PR03348,M016,P013,2025-01-13 01:45:00,A,779,564,5
PR03349,M002,P008,2025-12-01 15:30:00,C,887,876,44
PR03350,M014,P014,2025-02-22 03:00:00,A,752,534,23
PR03351,M012,P006,2025-01-19 08:00:00,C,474,495,28
PR03352,M017,P005,2025-08-05 14:30:00,C,532,457,19
PR03353,M001,P014,2025-10-17 23:45:00,A,650,579,6
PR03354,M010,P010,2025-04-30 11:15:00,C,301,350,16
PR03355,M004,P012,2025-10-27 18:15:00,C,693,679,18
PR03356,M019,P014,2025-09-02 20:45:00,B,541,407,12
PR03357,M018,P014,2025-08-07 22:15:00,B,579,518,29
PR03358,M016,P011,2025-09-27 12:30:00,B,977,769,30
PR03359,M007,P013,2025-10-11 14:00:00,A,567,640,13
PR03360,M012,P006,2025-09-04 19:45:00,C,750,788,23
PR03361,M004,P007,2025-11-25 03:45:00,A,534,525,28
PR03362,M012,P013,2025-06-23 00:45:00,B,901,834,13
PR03363,M010,P011,2025-07-21 09:45:00,C,513,475,3
PR03364,M020,P012,2025-11-27 10:30:00,A,797,565,30
PR03365,M013,P012,2025-05-09 21:15:00,C,786,819,48
PR03366,M002,P006,2025-03-19 11:30:00,A,429,396,21
PR03367,M004,P011,2025-11-15 05:45:00,C,354,225,11
PR03368,M019,P008,2025-01-29 02:30:00,A,734,495,4
PR03369,M001,P001,2025-10-15 08:30:00,C,938,961,50
PR03370,M010,P011,2025-10-12 16:15:00,B,970,1007,34
PR03371,M013,P008,2025-10-21 19:00:00,A,996,1006,36
PR03372,M017,P002,2025-04-11 21:15:00,B,375,243,10
PR03373,M014,P002,2025-12-13 14:15:00,C,943,1067,62
PR03374,M001,P007,2025-03-12 04:00:00,A,843,708,38
PR03375,M008,P014,2025-02-11 16:45:00,A,594,416,16
PR03376,M014,P010,2025-03-21 06:45:00,A,568,598,26
PR03377,M014,P005,2025-08-05 16:15:00,A,624,644,33
PR03378,M008,P011,2025-05-05 04:15:00,A,891,847,37
PR03379,M020,P004,2025-06-25 04:15:00,B,950,985,14
PR03380,M020,P007,2025-10-26 08:30:00,B,469,423,9
PR03381,M018,P007,2025-05-13 09:30:00,C,554,558,24
PR03382,M002,P007,2025-02-27 03:00:00,B,616,580,10
PR03383,M012,P010,2025-01-13 19:00:00,C,628,513,12
PR03384,M006,P013,2025-12-04 22:00:00,B,955,1009,44
PR03385,M009,P007,2025-09-29 15:00:00,A,475,452,3
PR03386,M013,P007,2025-08-28 05:00:00,C,722,541,24
PR03387,M020,P006,2025-01-12 06:15:00,B,494,401,2
PR03388,M019,P004,2025-12-03 19:45:00,C,779,818,37
PR03389,M015,P005,2025-07-03 15:30:00,C,654,549,10
PR03390,M015,P001,2025-02-13 02:00:00,A,790,746,44
PR03391,M004,P002,2025-12-30 16:45:00,A,451,441,23
PR03392,M001,P009,2025-07-06 17:30:00,A,464,400,3
PR03393,M009,P011,2025-07-05 12:15:00,C,332,308,18
PR03394,M006,P013,2025-03-13 16:45:00,A,528,562,29
PR03395,M010,P009,2025-01-21 15:15:00,B,385,249,15
PR03396,M015,P014,2025-03-18 05:00:00,A,783,621,5
PR03397,M006,P008,2025-10-09 09:15:00,C,857,768,33
PR03398,M020,P012,2025-12-24 13:15:00,C,944,802,7
PR03399,M002,P009,2025-06-17 11:30:00,A,393,467,25
PR03400,M007,P012,2025-11-13 09:30:00,A,431,341,18
PR03401,M017,P004,2025-01-07 06:45:00,A,310,352,3
PR03402,M009,P004,2025-12-28 06:30:00,B,999,790,40
PR03403,M020,P002,2025-06-19 06:00:00,B,745,797,5
PR03404,M014,P010,2025-12-30 12:15:00,B,426,440,24
PR03405,M009,P002,2025-10-13 15:30:00,A,309,267,5
PR03406,M001,P011,2025-07-19 03:45:00,C,700,550,17
PR03407,M010,P003,2025-05-28 09:30:00,C,865,607,19
PR03408,M004,P002,2025-07-31 22:15:00,B,828,642,8
PR03409,M014,P002,2025-01-04 10:00:00,C,969,927,55
PR03410,M008,P012,2025-04-10 03:30:00,A,466,409,10
PR03411,M010,P004,2025-03-10 21:00:00,B,632,473,19
PR03412,M011,P012,2025-05-19 23:00:00,C,613,521,14
PR03413,M011,P006,2025-04-12 19:30:00,C,347,413,20
PR03414,M018,P003,2025-12-18 13:15:00,B,774,722,25
PR03415,M012,P013,2025-01-21 07:00:00,C,755,540,3
PR03416,M010,P014,2025-09-17 00:45:00,A,420,381,11
PR03417,M012,P010,2025-04-02 19:15:00,A,676,694,15
PR03418,M016,P010,2025-01-24 10:30:00,C,877,807,18
PR03419,M011,P008,2025-02-15 03:15:00,B,759,824,36
PR03420,M003,P007,2025-03-15 14:30:00,A,632,606,26
PR03421,M012,P011,2025-10-09 18:30:00,A,843,788,37
PR03422,M013,P001,2025-04-03 03:15:00,A,506,428,14
PR03423,M019,P015,2025-09-21 06:30:00,C,769,673,22
PR03424,M009,P007,2025-10-28 19:15:00,A,307,278,15
PR03425,M020,P003,2025-03-01 23:15:00,B,885,800,42
PR03426,M008,P004,2025-02-23 20:30:00,C,703,708,39
PR03427,M020,P009,2025-12-13 15:30:00,B,449,397,14
PR03428,M008,P010,2025-09-20 20:00:00,B,859,768,15
PR03429,M008,P008,2025-07-22 22:15:00,C,352,347,2
PR03430,M009,P014,2025-05-26 19:30:00,B,583,483,21
PR03431,M013,P011,2025-05-22 03:00:00,B,762,677,19
PR03432,M019,P002,2025-05-26 20:15:00,C,604,590,30
PR03433,M017,P006,2025-07-20 00:30:00,C,555,443,25
PR03434,M019,P007,2025-11-23 22:00:00,B,773,748,33
PR03435,M018,P002,2025-09-17 10:45:00,B,819,849,24
PR03436,M016,P014,2025-09-02 16:30:00,C,523,544,23
PR03437,M013,P002,2025-04-18 01:45:00,C,967,953,29
PR03438,M016,P009,2025-11-23 06:30:00,C,973,647,26
PR03439,M008,P015,2025-04-22 12:15:00,A,452,348,7
PR03440,M002,P012,2025-07-29 18:30:00,A,433,420,10
PR03441,M011,P013,2025-04-25 02:15:00,A,999,999,18
PR03442,M007,P003,2025-05-26 19:45:00,A,459,393,17
PR03443,M019,P004,2025-05-06 08:45:00,C,798,553,30
PR03444,M002,P015,2025-07-02 10:30:00,A,652,655,39
PR03445,M012,P010,2025-01-19 01:45:00,B,416,403,9
PR03446,M020,P002,2025-08-29 12:00:00,C,463,368,13
PR03447,M006,P014,2025-03-17 15:00:00,A,728,576,32
PR03448,M013,P005,2025-10-05 20:15:00,B,971,961,6
PR03449,M011,P010,2025-08-03 17:30:00,B,554,564,13
PR03450,M016,P008,2025-01-27 04:45:00,B,517,491,14
PR03451,M019,P012,2025-10-03 19:30:00,C,521,442,26
PR03452,M008,P007,2025-02-01 08:45:00,C,336,273,4
PR03453,M005,P001,2025-07-13 23:15:00,C,734,743,32
PR03454,M020,P001,2025-08-16 11:30:00,B,992,714,8
PR03455,M019,P014,2025-11-26 14:00:00,A,368,382,3
PR03456,M006,P015,2025-05-10 09:00:00,A,768,654,20
PR03457,M019,P012,2025-07-15 05:00:00,C,864,801,40
PR03458,M020,P003,2025-02-07 23:15:00,A,891,883,42
PR03459,M002,P015,2025-01-02 10:15:00,C,325,332,2
PR03460,M006,P008,2025-03-06 04:15:00,A,968,925,43
PR03461,M018,P015,2025-06-11 09:30:00,A,802,753,11
PR03462,M001,P002,2025-02-01 12:15:00,A,454,344,14
PR03463,M005,P012,2025-08-04 18:00:00,B,598,477,18
PR03464,M001,P011,2025-09-09 13:00:00,B,881,735,32
PR03465,M007,P008,2025-05-16 14:15:00,C,942,778,19
PR03466,M009,P001,2025-08-27 22:30:00,B,780,671,37
PR03467,M014,P002,2025-01-02 22:30:00,A,726,547,4
PR03468,M017,P001,2025-11-11 16:45:00,C,456,430,6
PR03469,M004,P008,2025-03-11 16:15:00,A,710,732,19
PR03470,M014,P001,2025-01-01 10:15:00,B,804,622,21
PR03471,M013,P007,2025-07-18 23:45:00,B,855,778,40
PR03472,M017,P004,2025-08-30 18:30:00,A,951,693,21
PR03473,M003,P014,2025-03-31 08:15:00,B,870,843,36
PR03474,M001,P009,2025-01-10 02:00:00,B,931,891,17
PR03475,M004,P006,2025-01-02 22:00:00,A,782,507,14
PR03476,M016,P014,2025-01-21 15:45:00,B,964,725,41
PR03477,M013,P008,2025-01-30 09:15:00,C,530,430,13
PR03478,M003,P002,2025-03-19 20:30:00,A,722,531,4
PR03479,M001,P012,2025-10-20 00:00:00,A,992,898,41
PR03480,M016,P003,2025-01-07 11:00:00,C,452,344,7
PR03481,M016,P006,2025-11-17 07:15:00,C,333,271,15
PR03482,M011,P011,2025-11-05 15:30:00,A,963,852,37
PR03483,M006,P006,2025-11-03 13:30:00,A,909,996,19
PR03484,M003,P007,2025-07-16 21:30:00,B,985,935,8
PR03485,M003,P015,2025-02-27 11:15:00,A,751,677,35
PR03486,M013,P012,2025-05-03 14:15:00,C,754,735,36
PR03487,M001,P014,2025-12-18 19:45:00,C,688,624,29
PR03488,M020,P011,2025-06-13 10:45:00,A,390,319,10
PR03489,M020,P001,2025-07-05 16:30:00,C,930,898,18
PR03490,M002,P011,2025-01-30 06:30:00,B,815,703,14
PR03491,M009,P006,2025-08-16 08:30:00,A,638,432,7
PR03492,M003,P012,2025-06-12 04:45:00,A,905,657,36
PR03493,M020,P009,2025-12-25 16:30:00,C,372,397,22
PR03494,M019,P007,2025-06-14 19:15:00,A,469,403,10
PR03495,M018,P001,2025-09-14 21:15:00,A,353,307,13
PR03496,M016,P011,2025-03-21 04:45:00,A,571,458,18
PR03497,M016,P015,2025-01-05 10:30:00,C,603,576,30
PR03498,M016,P011,2025-02-22 22:15:00,B,365,414,20
PR03499,M015,P002,2025-11-08 23:30:00,B,757,650,12
PR03500,M015,P003,2025-10-08 08:45:00,B,484,363,10
PR03501,M015,P014,2025-06-22 17:00:00,B,577,528,8
PR03502,M016,P006,2025-11-14 16:45:00,B,903,1025,35
PR03503,M020,P015,2025-05-23 10:30:00,A,762,782,4
PR03504,M011,P010,2025-10-25 22:15:00,B,725,776,43
PR03505,M013,P015,2025-04-04 22:45:00,A,640,664,11
PR03506,M017,P005,2025-09-22 19:00:00,B,413,341,7
PR03507,M003,P006,2025-09-03 19:15:00,B,732,699,39
PR03508,M002,P013,2025-10-11 12:15:00,B,435,392,7
PR03509,M004,P007,2025-01-15 21:45:00,A,643,535,31
PR03510,M008,P001,2025-03-09 22:15:00,A,760,713,15
PR03511,M006,P005,2025-08-14 21:15:00,B,966,955,27
PR03512,M004,P003,2025-08-22 11:45:00,C,492,500,24
PR03513,M002,P015,2025-02-09 06:00:00,B,803,765,27
PR03514,M011,P009,2025-08-02 02:30:00,B,605,581,30
PR03515,M006,P011,2025-07-12 07:30:00,C,743,629,35
PR03516,M017,P012,2025-12-15 16:15:00,C,646,485,27
PR03517,M020,P009,2025-07-15 13:00:00,B,623,609,34
PR03518,M002,P006,2025-03-31 17:15:00,A,845,887,26
PR03519,M015,P002,2025-01-23 07:00:00,C,985,758,26
PR03520,M013,P009,2025-03-27 06:15:00,B,317,195,6
PR03521,M011,P003,2025-05-31 04:45:00,B,792,781,34
PR03522,M005,P001,2025-03-15 16:45:00,C,687,801,36
PR03523,M018,P004,2025-09-05 14:15:00,A,575,555,15
PR03524,M011,P015,2025-05-17 20:30:00,B,951,954,30
PR03525,M007,P006,2025-03-30 06:15:00,C,763,684,13
PR03526,M015,P004,2025-07-02 22:45:00,C,523,379,5
PR03527,M001,P005,2025-11-22 21:15:00,C,474,461,26
PR03528,M014,P009,2025-03-25 08:00:00,C,456,324,8
PR03529,M010,P002,2025-12-25 21:15:00,A,892,976,40
PR03530,M010,P007,2025-08-01 15:00:00,C,668,608,17
PR03531,M009,P012,2025-08-24 07:45:00,C,651,648,13
PR03532,M003,P012,2025-08-09 15:15:00,A,512,409,6
PR03533,M014,P015,2025-05-26 17:30:00,A,660,635,4
PR03534,M009,P003,2025-05-03 21:30:00,B,620,558,21
PR03535,M005,P012,2025-05-21 01:45:00,A,722,497,4
PR03536,M016,P002,2025-04-26 07:00:00,B,420,328,19
PR03537,M018,P013,2025-03-15 17:15:00,A,553,458,25
PR03538,M015,P005,2025-01-20 17:00:00,A,419,353,6
PR03539,M015,P002,2025-06-16 12:45:00,B,321,223,7
PR03540,M019,P011,2025-07-15 11:45:00,B,975,886,27
PR03541,M011,P006,2025-06-30 15:30:00,C,881,657,4
PR03542,M015,P002,2025-05-03 22:45:00,B,437,362,14
PR03543,M005,P012,2025-09-21 11:30:00,C,376,287,12
PR03544,M017,P003,2025-07-07 04:00:00,A,764,737,35
PR03545,M012,P008,2025-07-21 20:30:00,B,398,369,4
PR03546,M005,P008,2025-12-30 09:30:00,C,452,300,5
PR03547,M002,P004,2025-07-17 19:30:00,C,774,553,7
PR03548,M006,P012,2025-07-05 21:15:00,B,476,462,5
PR03549,M001,P010,2025-05-27 00:15:00,B,896,713,29
PR03550,M006,P006,2025-02-16 05:00:00,B,864,877,22
PR03551,M005,P013,2025-10-20 10:00:00,C,327,288,5
PR03552,M020,P002,2025-05-02 04:30:00,A,609,484,5
PR03553,M020,P013,2025-04-15 09:15:00,C,568,563,9
PR03554,M006,P008,2025-11-16 13:15:00,A,772,636,18
PR03555,M007,P009,2025-05-29 04:00:00,A,419,332,18
PR03556,M002,P003,2025-04-25 01:00:00,C,596,508,11
PR03557,M014,P005,2025-09-27 19:00:00,B,869,783,20
PR03558,M019,P001,2025-03-22 06:00:00,C,886,670,25
PR03559,M004,P008,2025-03-20 02:15:00,A,496,469,20
PR03560,M003,P015,2025-04-30 13:45:00,B,800,579,12
PR03561,M016,P005,2025-02-13 00:15:00,A,861,914,30
PR03562,M001,P013,2025-06-14 00:00:00,A,544,543,26
PR03563,M013,P006,2025-05-20 08:30:00,A,740,513,17
PR03564,M015,P003,2025-09-11 14:30:00,A,457,389,20
PR03565,M017,P012,2025-02-08 12:15:00,A,420,388,22
PR03566,M015,P014,2025-02-17 20:00:00,A,623,577,25
PR03567,M020,P010,2025-04-07 18:45:00,B,510,347,2
PR03568,M005,P013,2025-07-26 19:45:00,A,706,706,13
PR03569,M001,P013,2025-04-22 22:45:00,A,360,304,10
PR03570,M007,P004,2025-10-24 15:00:00,A,580,588,21
PR03571,M010,P005,2025-04-21 09:15:00,C,331,272,13
PR03572,M015,P006,2025-10-05 22:15:00,C,938,1012,15
PR03573,M005,P011,2025-01-03 18:45:00,B,490,396,14
PR03574,M007,P010,2025-10-09 10:30:00,A,664,529,28
PR03575,M014,P008,2025-10-22 13:00:00,C,519,525,24
PR03576,M007,P003,2025-10-15 06:45:00,A,500,429,15
PR03577,M014,P007,2025-09-30 00:00:00,B,564,515,17
PR03578,M003,P003,2025-09-22 13:45:00,A,572,452,8
PR03579,M002,P002,2025-07-24 07:00:00,B,768,680,21
PR03580,M009,P005,2025-07-03 16:30:00,A,304,246,3
PR03581,M003,P002,2025-07-09 14:15:00,B,857,643,17
PR03582,M007,P015,2025-10-03 12:00:00,B,404,358,20
PR03583,M009,P007,2025-02-08 02:15:00,B,709,733,17
PR03584,M009,P015,2025-05-13 05:45:00,A,812,872,23
PR03585,M011,P005,2025-09-13 14:00:00,B,573,602,25
PR03586,M001,P014,2025-10-18 11:45:00,A,734,604,11
PR03587,M017,P007,2025-02-17 19:45:00,C,958,1062,61
PR03588,M015,P012,2025-08-30 08:15:00,A,401,432,19
PR03589,M015,P001,2025-07-19 16:15:00,C,847,725,27
PR03590,M012,P001,2025-04-10 08:00:00,C,919,840,23
PR03591,M001,P004,2025-02-28 02:15:00,B,721,745,35
PR03592,M016,P014,2025-09-28 20:30:00,B,875,649,34
PR03593,M011,P015,2025-01-18 00:45:00,C,476,510,21
PR03594,M020,P012,2025-03-05 09:15:00,B,908,952,18
PR03595,M012,P014,2025-08-08 18:30:00,B,600,512,22
PR03596,M004,P007,2025-03-08 15:30:00,C,472,454,26
PR03597,M011,P010,2025-02-04 20:45:00,A,509,366,8
PR03598,M006,P007,2025-04-30 10:00:00,B,719,714,25
PR03599,M001,P008,2025-09-21 19:45:00,C,393,376,4
PR03600,M003,P012,2025-02-22 04:30:00,C,951,900,27
PR03601,M006,P011,2025-05-03 01:30:00,C,879,718,37
PR03602,M018,P004,2025-11-23 07:30:00,C,659,711,34
PR03603,M016,P010,2025-04-20 15:15:00,C,990,871,24
PR03604,M011,P007,2025-03-05 21:15:00,B,349,372,10
PR03605,M003,P014,2025-11-23 14:45:00,C,398,381,20
PR03606,M016,P012,2025-08-28 01:30:00,C,374,432,24
PR03607,M003,P002,2025-03-03 03:45:00,C,422,340,9
PR03608,M006,P012,2025-09-16 07:00:00,B,890,776,38
PR03609,M018,P011,2025-09-08 06:30:00,C,489,447,26
PR03610,M004,P011,2025-09-11 14:00:00,A,357,317,11
PR03611,M018,P014,2025-06-24 07:15:00,A,642,710,32
PR03612,M002,P010,2025-10-09 05:15:00,B,715,688,40
PR03613,M018,P004,2025-12-07 12:45:00,C,319,177,9
PR03614,M017,P003,2025-11-28 11:45:00,A,364,348,9
PR03615,M001,P008,2025-01-01 00:15:00,A,999,1011,47
PR03616,M014,P015,2025-05-06 15:00:00,C,840,807,37
PR03617,M019,P015,2025-12-27 13:15:00,C,468,363,16
PR03618,M014,P008,2025-05-01 08:30:00,C,908,645,28
PR03619,M016,P013,2025-06-05 17:45:00,B,719,776,6
PR03620,M016,P007,2025-12-11 08:30:00,B,704,619,8
PR03621,M016,P008,2025-12-13 08:00:00,C,912,786,29
PR03622,M005,P001,2025-06-29 00:00:00,A,498,413,19
PR03623,M013,P011,2025-08-12 05:45:00,B,926,1001,52
PR03624,M002,P008,2025-06-26 05:30:00,B,753,627,3
PR03625,M009,P008,2025-01-21 23:45:00,B,532,418,17
PR03626,M016,P013,2025-09-03 11:00:00,C,428,374,13
PR03627,M014,P010,2025-10-22 18:00:00,A,363,313,5
PR03628,M005,P003,2025-04-10 04:45:00,C,744,649,39
PR03629,M008,P008,2025-07-01 22:45:00,C,463,466,6
PR03630,M008,P012,2025-04-01 05:30:00,B,893,685,5
PR03631,M002,P004,2025-12-24 22:00:00,C,307,264,4
PR03632,M007,P011,2025-08-17 00:30:00,A,502,386,21
PR03633,M012,P011,2025-11-20 20:15:00,B,846,647,6
PR03634,M019,P009,2025-10-08 20:00:00,C,575,546,16
PR03635,M001,P015,2025-11-25 20:30:00,C,993,799,21
PR03636,M010,P012,2025-11-18 12:30:00,C,678,680,17
PR03637,M006,P007,2025-03-15 03:30:00,B,801,745,29
PR03638,M020,P007,2025-01-16 10:15:00,C,448,418,12
PR03639,M019,P001,2025-09-29 11:15:00,A,569,631,11
PR03640,M007,P002,2025-11-05 14:45:00,C,993,1036,54
PR03641,M014,P006,2025-07-10 00:15:00,B,468,294,15
PR03642,M014,P015,2025-02-11 21:00:00,C,430,357,10
PR03643,M010,P008,2025-11-29 16:45:00,B,953,966,17
PR03644,M008,P003,2025-08-30 02:30:00,C,881,829,28
PR03645,M013,P003,2025-10-26 11:00:00,A,300,226,12
PR03646,M015,P005,2025-02-22 10:30:00,A,879,899,16
PR03647,M001,P004,2025-10-21 21:45:00,C,533,497,19
PR03648,M012,P004,2025-10-16 11:30:00,A,592,546,16
PR03649,M005,P012,2025-08-29 01:45:00,B,522,422,2
PR03650,M012,P012,2025-04-15 12:45:00,B,526,563,33
PR03651,M009,P010,2025-12-03 14:15:00,A,490,379,12
PR03652,M019,P002,2025-11-03 02:45:00,A,983,818,40
PR03653,M015,P004,2025-11-05 00:30:00,C,861,707,4
PR03654,M018,P015,2025-03-20 13:30:00,C,611,699,21
PR03655,M003,P008,2025-11-18 22:15:00,B,980,850,48
PR03656,M014,P005,2025-01-30 19:00:00,C,913,748,8
PR03657,M008,P012,2025-12-03 21:30:00,B,953,1034,48
PR03658,M008,P009,2025-08-03 13:30:00,B,561,606,29
PR03659,M012,P015,2025-10-09 01:30:00,A,433,344,9
PR03660,M015,P008,2025-10-11 06:45:00,A,855,839,18
PR03661,M013,P009,2025-10-31 16:15:00,B,755,631,24
PR03662,M005,P004,2025-11-13 06:00:00,A,704,517,12
PR03663,M008,P005,2025-09-19 18:45:00,A,587,467,9
PR03664,M006,P014,2025-07-03 08:45:00,A,909,731,44
PR03665,M002,P004,2025-12-18 11:45:00,B,332,325,11
PR03666,M019,P013,2025-06-08 13:30:00,A,690,603,33
PR03667,M003,P007,2025-04-19 15:45:00,A,565,441,16
PR03668,M019,P014,2025-04-06 05:00:00,C,646,490,23
PR03669,M003,P011,2025-07-27 22:30:00,C,659,570,32
PR03670,M008,P004,2025-11-24 01:00:00,A,609,488,16
PR03671,M001,P013,2025-07-10 04:45:00,A,977,865,19
PR03672,M004,P015,2025-03-27 18:30:00,A,793,641,21
PR03673,M018,P001,2025-02-05 05:30:00,B,662,717,40
PR03674,M007,P015,2025-12-01 02:30:00,B,922,877,32
PR03675,M019,P004,2025-11-17 23:30:00,C,337,325,14
PR03676,M016,P002,2025-07-30 17:45:00,B,383,384,19
PR03677,M006,P013,2025-01-04 17:00:00,C,957,841,14
PR03678,M019,P004,2025-07-07 00:45:00,A,403,362,3
PR03679,M009,P001,2025-03-13 02:15:00,C,586,553,20
PR03680,M016,P006,2025-01-27 06:45:00,C,992,756,42
PR03681,M003,P012,2025-10-12 11:45:00,A,458,448,12
PR03682,M013,P010,2025-08-01 23:15:00,B,333,322,18
PR03683,M003,P009,2025-02-07 13:30:00,A,802,781,22
PR03684,M020,P014,2025-03-04 21:15:00,C,984,975,47
PR03685,M019,P012,2025-04-24 06:00:00,A,486,357,17
PR03686,M011,P010,2025-01-31 13:15:00,B,526,371,8
PR03687,M013,P014,2025-10-12 21:00:00,C,320,318,12
PR03688,M005,P013,2025-01-25 09:30:00,A,331,232,2
PR03689,M018,P013,2025-04-22 13:00:00,A,831,649,37
PR03690,M020,P008,2025-05-10 08:45:00,A,343,296,13
PR03691,M001,P014,2025-05-12 01:15:00,B,579,492,26
PR03692,M015,P005,2025-01-06 18:30:00,B,813,621,31
PR03693,M002,P008,2025-07-23 13:15:00,B,1000,879,32
PR03694,M001,P005,2025-03-14 19:30:00,C,380,296,12
PR03695,M010,P008,2025-07-03 14:45:00,B,741,612,24
PR03696,M004,P007,2025-07-19 19:00:00,B,914,881,14
PR03697,M011,P010,2025-09-11 04:45:00,A,426,364,20
PR03698,M013,P002,2025-03-10 21:45:00,A,432,459,14
PR03699,M005,P005,2025-07-19 12:15:00,B,853,759,29
PR03700,M012,P007,2025-10-08 19:45:00,A,794,759,9
PR03701,M016,P003,2025-09-12 23:45:00,A,1000,867,44
PR03702,M007,P006,2025-02-14 22:15:00,A,630,550,8
PR03703,M010,P010,2025-06-24 23:45:00,B,334,212,11
PR03704,M011,P013,2025-02-02 14:15:00,A,410,409,21
PR03705,M009,P006,2025-01-05 20:30:00,B,533,450,5
PR03706,M005,P012,2025-01-09 10:15:00,C,595,548,10
PR03707,M009,P015,2025-12-31 03:00:00,C,919,733,15
PR03708,M003,P005,2025-04-26 23:00:00,A,583,668,27
PR03709,M015,P015,2025-10-03 15:15:00,B,571,561,29
PR03710,M004,P007,2025-10-30 17:15:00,C,611,428,6
PR03711,M017,P002,2025-03-17 07:00:00,C,522,534,29
PR03712,M005,P014,2025-02-25 20:00:00,B,343,321,12
PR03713,M011,P006,2025-03-25 13:30:00,C,774,655,32
PR03714,M010,P009,2025-08-31 14:30:00,C,655,634,18
PR03715,M005,P011,2025-09-30 04:15:00,B,805,836,39
PR03716,M018,P013,2025-04-14 10:00:00,A,369,409,24
PR03717,M017,P003,2025-10-11 00:30:00,C,347,373,13
PR03718,M013,P015,2025-08-30 05:00:00,B,568,533,17
PR03719,M017,P008,2025-12-29 01:15:00,A,853,751,33
PR03720,M007,P012,2025-12-07 04:00:00,B,940,838,14
PR03721,M002,P008,2025-10-12 11:15:00,B,405,346,4
PR03722,M004,P001,2025-12-31 02:30:00,B,569,436,17
PR03723,M012,P012,2025-02-11 08:30:00,B,664,523,29
PR03724,M016,P002,2025-06-09 08:15:00,A,518,340,17
PR03725,M006,P010,2025-12-16 11:15:00,B,532,586,33
PR03726,M007,P013,2025-11-12 14:00:00,C,394,247,2
PR03727,M012,P014,2025-06-04 07:30:00,C,608,512,18
PR03728,M016,P009,2025-07-31 20:00:00,B,843,767,8
PR03729,M015,P007,2025-01-28 22:15:00,A,418,321,6
PR03730,M007,P004,2025-09-21 04:45:00,A,595,531,4
PR03731,M015,P001,2025-03-24 05:15:00,B,534,533,30
PR03732,M017,P004,2025-08-19 06:00:00,B,619,649,35
PR03733,M008,P007,2025-10-12 14:30:00,B,770,702,21
PR03734,M013,P012,2025-07-30 11:45:00,A,312,204,12
PR03735,M004,P010,2025-03-24 17:15:00,A,423,459,16
PR03736,M015,P003,2025-09-15 13:15:00,B,792,777,15
PR03737,M012,P011,2025-05-14 22:15:00,C,913,770,34
PR03738,M013,P011,2025-08-09 18:15:00,B,978,910,50
PR03739,M011,P009,2025-01-17 08:30:00,C,537,420,8
PR03740,M014,P006,2025-05-22 18:00:00,A,415,492,20
PR03741,M003,P008,2025-03-20 08:15:00,C,421,288,10
PR03742,M004,P002,2025-01-10 09:15:00,C,685,572,33
PR03743,M012,P010,2025-07-30 23:30:00,B,893,690,24
PR03744,M004,P004,2025-03-27 02:15:00,B,811,829,13
PR03745,M016,P008,2025-04-10 22:45:00,B,644,613,17
PR03746,M007,P014,2025-07-07 18:15:00,B,669,703,20
PR03747,M001,P009,2025-02-15 15:30:00,C,909,644,38
PR03748,M007,P004,2025-10-06 09:15:00,C,742,794,41
PR03749,M008,P010,2025-11-07 00:45:00,A,715,550,5
PR03750,M014,P005,2025-06-21 09:00:00,B,615,499,23
PR03751,M017,P007,2025-11-13 05:00:00,A,567,599,31
PR03752,M020,P010,2025-07-16 08:45:00,A,920,659,34
PR03753,M013,P008,2025-06-25 15:15:00,C,843,846,48
PR03754,M013,P002,2025-04-29 12:45:00,A,485,526,20
PR03755,M013,P010,2025-04-03 06:45:00,C,485,428,11
PR03756,M012,P006,2025-08-13 05:30:00,C,671,654,20
PR03757,M011,P005,2025-08-16 19:15:00,C,460,454,5
PR03758,M006,P012,2025-11-13 03:45:00,B,992,893,35
PR03759,M018,P007,2025-01-03 18:45:00,A,820,638,34
PR03760,M012,P009,2025-01-18 16:30:00,B,989,925,15
PR03761,M009,P015,2025-09-03 18:30:00,B,517,644,18
PR03762,M016,P011,2025-01-27 05:45:00,B,505,335,9
PR03763,M020,P005,2025-06-29 19:45:00,C,570,511,13
PR03764,M008,P005,2025-11-21 08:45:00,B,380,315,16
PR03765,M006,P010,2025-05-10 10:00:00,C,953,764,22
PR03766,M013,P006,2025-01-03 17:30:00,A,995,1019,34
PR03767,M018,P014,2025-11-25 19:30:00,A,640,668,16
PR03768,M018,P006,2025-09-04 16:00:00,B,683,611,10
PR03769,M017,P001,2025-10-25 06:15:00,C,921,675,40
PR03770,M009,P002,2025-05-22 00:45:00,B,526,484,4
PR03771,M004,P001,2025-01-01 23:45:00,C,523,437,3
PR03772,M019,P007,2025-03-14 13:30:00,A,828,663,23
PR03773,M013,P014,2025-04-14 09:45:00,B,778,591,35
PR03774,M019,P010,2025-01-20 07:15:00,B,439,483,8
PR03775,M003,P001,2025-05-16 03:30:00,A,908,784,29
PR03776,M004,P011,2025-01-11 05:45:00,C,746,578,28
PR03777,M016,P004,2025-06-17 03:45:00,C,606,644,20
PR03778,M011,P008,2025-04-11 07:00:00,C,737,626,12
PR03779,M012,P011,2025-07-10 08:45:00,C,840,788,39
PR03780,M013,P014,2025-12-18 05:45:00,C,332,255,8
PR03781,M004,P003,2025-08-29 10:45:00,C,781,638,28
PR03782,M005,P004,2025-04-04 07:45:00,B,397,444,16
PR03783,M007,P015,2025-08-25 08:30:00,A,912,839,35
PR03784,M001,P008,2025-09-13 13:45:00,C,309,256,11
PR03785,M016,P001,2025-02-03 01:45:00,B,956,862,17
PR03786,M007,P013,2025-09-28 06:30:00,A,751,642,13
PR03787,M001,P014,2025-04-27 08:30:00,B,773,644,13
PR03788,M001,P004,2025-05-15 19:15:00,A,790,608,5
PR03789,M003,P007,2025-08-20 17:15:00,B,979,991,45
PR03790,M018,P009,2025-09-23 10:30:00,C,567,586,32
PR03791,M012,P007,2025-10-21 10:15:00,A,324,276,8
PR03792,M012,P003,2025-06-25 04:45:00,A,934,928,7
PR03793,M001,P010,2025-11-29 01:15:00,A,921,958,15
PR03794,M008,P001,2025-05-06 11:45:00,B,661,509,3
PR03795,M015,P004,2025-11-02 20:00:00,A,661,545,8
PR03796,M018,P015,2025-01-14 03:15:00,B,943,874,15
PR03797,M013,P015,2025-01-03 00:30:00,C,431,319,14
PR03798,M002,P010,2025-03-06 01:30:00,A,841,833,40
PR03799,M016,P010,2025-01-29 11:30:00,B,843,621,15
PR03800,M011,P004,2025-04-15 18:15:00,C,577,613,14
PR03801,M005,P007,2025-02-23 11:00:00,B,848,691,33
PR03802,M012,P006,2025-03-09 18:30:00,C,400,402,6
PR03803,M019,P001,2025-08-28 21:45:00,A,840,834,46
PR03804,M020,P006,2025-01-28 16:00:00,B,888,763,34
PR03805,M010,P009,2025-05-15 23:45:00,C,696,529,23
PR03806,M005,P011,2025-05-25 18:00:00,B,633,618,20
PR03807,M020,P015,2025-05-28 13:30:00,B,342,257,13
PR03808,M003,P014,2025-06-27 11:15:00,A,677,730,24
PR03809,M015,P011,2025-09-17 22:15:00,B,979,730,22
PR03810,M004,P003,2025-09-10 08:30:00,A,888,930,24
PR03811,M020,P001,2025-09-21 14:15:00,A,595,596,23
PR03812,M010,P009,2025-09-10 01:30:00,B,638,640,24
PR03813,M014,P003,2025-10-19 22:45:00,A,772,865,9
PR03814,M005,P006,2025-12-14 18:30:00,B,731,668,21
PR03815,M001,P007,2025-10-28 07:30:00,B,330,354,7
PR03816,M012,P004,2025-03-05 04:15:00,A,802,583,18
PR03817,M002,P001,2025-05-25 11:00:00,B,942,807,32
PR03818,M012,P010,2025-05-25 11:30:00,B,869,747,16
PR03819,M012,P013,2025-07-06 13:15:00,C,425,284,5
PR03820,M020,P006,2025-09-05 22:45:00,A,724,621,22
PR03821,M016,P002,2025-06-04 23:00:00,B,330,298,5
PR03822,M019,P008,2025-06-18 21:45:00,C,872,717,10
PR03823,M008,P014,2025-04-29 07:45:00,A,869,825,35
PR03824,M017,P009,2025-12-09 21:45:00,C,336,329,19
PR03825,M003,P002,2025-06-29 20:00:00,A,390,244,4
PR03826,M002,P010,2025-07-09 06:15:00,C,344,311,6
PR03827,M001,P011,2025-04-08 21:15:00,C,522,515,4
PR03828,M003,P009,2025-05-01 17:45:00,C,831,666,27
PR03829,M015,P007,2025-11-11 06:30:00,B,590,612,29
PR03830,M010,P009,2025-05-08 23:30:00,C,438,437,15
PR03831,M014,P005,2025-02-17 05:30:00,B,490,460,9
PR03832,M006,P013,2025-01-16 08:45:00,B,963,903,43
PR03833,M018,P008,2025-11-03 13:45:00,B,545,486,5
PR03834,M003,P005,2025-06-04 08:15:00,B,618,501,15
PR03835,M014,P007,2025-07-16 19:15:00,B,882,823,19
PR03836,M013,P013,2025-12-01 04:15:00,C,929,775,44
PR03837,M017,P002,2025-01-06 17:45:00,A,574,542,23
PR03838,M008,P011,2025-12-05 17:15:00,C,442,391,19
PR03839,M015,P004,2025-11-19 20:15:00,A,572,468,4
PR03840,M003,P004,2025-09-06 22:30:00,C,354,381,16
PR03841,M011,P006,2025-07-31 15:30:00,C,833,863,48
PR03842,M012,P014,2025-07-17 21:30:00,B,991,991,41
PR03843,M013,P011,2025-09-15 12:00:00,C,355,333,4
PR03844,M009,P004,2025-09-03 20:45:00,B,567,597,34
PR03845,M009,P013,2025-04-25 05:45:00,B,337,357,9
PR03846,M017,P007,2025-04-01 01:00:00,B,598,519,31
PR03847,M019,P009,2025-05-09 14:00:00,B,677,521,19
PR03848,M008,P004,2025-12-10 21:00:00,B,648,576,23
PR03849,M006,P012,2025-10-08 10:00:00,C,856,641,10
PR03850,M016,P011,2025-09-14 15:45:00,C,720,725,12
PR03851,M017,P010,2025-12-21 22:00:00,A,585,453,12
PR03852,M017,P005,2025-09-09 01:00:00,B,672,535,20
PR03853,M005,P008,2025-08-24 20:30:00,A,894,871,5
PR03854,M004,P013,2025-12-27 05:30:00,B,931,905,9
PR03855,M012,P002,2025-04-21 10:15:00,A,345,320,10
PR03856,M005,P002,2025-01-21 13:00:00,B,311,254,3
PR03857,M015,P004,2025-10-09 18:45:00,A,594,560,6
PR03858,M008,P013,2025-01-23 09:15:00,A,384,335,10
PR03859,M003,P015,2025-04-02 13:45:00,B,721,624,10
PR03860,M011,P006,2025-07-02 10:00:00,B,728,707,13
PR03861,M002,P003,2025-03-18 13:45:00,B,442,444,24
PR03862,M014,P009,2025-06-10 03:00:00,B,307,288,7
PR03863,M017,P002,2025-01-22 13:00:00,B,626,567,8
PR03864,M007,P010,2025-08-21 22:15:00,A,484,524,13
PR03865,M011,P002,2025-12-23 07:00:00,B,944,970,36
PR03866,M004,P012,2025-06-19 15:00:00,C,752,727,11
PR03867,M011,P011,2025-04-27 01:15:00,C,577,437,15
PR03868,M010,P002,2025-06-19 23:00:00,C,887,614,27
PR03869,M007,P005,2025-02-03 10:30:00,B,857,776,30
PR03870,M008,P001,2025-07-06 23:15:00,B,529,552,9
PR03871,M018,P015,2025-09-04 22:30:00,B,609,477,18
PR03872,M005,P002,2025-03-03 12:30:00,B,538,464,14
PR03873,M020,P003,2025-01-06 23:30:00,C,751,571,25
PR03874,M003,P008,2025-12-15 07:15:00,C,942,927,43
PR03875,M020,P002,2025-10-04 11:45:00,B,841,611,4
PR03876,M002,P011,2025-05-02 22:15:00,B,331,356,3
PR03877,M016,P010,2025-07-05 18:00:00,A,687,619,25
PR03878,M009,P012,2025-07-12 09:45:00,B,328,290,13
PR03879,M011,P010,2025-01-23 12:30:00,A,944,813,11
PR03880,M013,P014,2025-07-08 14:00:00,B,979,879,50
PR03881,M014,P003,2025-01-04 18:30:00,C,701,593,24
PR03882,M001,P013,2025-04-04 14:00:00,A,894,860,12
PR03883,M004,P001,2025-11-20 21:45:00,C,366,216,1
PR03884,M019,P001,2025-04-23 13:00:00,C,901,886,33
PR03885,M006,P009,2025-02-04 20:45:00,A,350,264,11
PR03886,M002,P002,2025-06-26 21:45:00,B,776,807,42
PR03887,M019,P006,2025-12-10 18:45:00,B,437,352,4
PR03888,M015,P004,2025-11-28 20:45:00,C,613,534,31
PR03889,M006,P003,2025-06-12 19:30:00,A,699,663,25
PR03890,M019,P015,2025-07-01 03:15:00,C,677,579,30
PR03891,M012,P002,2025-12-06 14:30:00,B,843,819,6
PR03892,M012,P009,2025-08-28 23:30:00,A,837,707,22
PR03893,M016,P008,2025-10-10 04:00:00,C,801,783,46
PR03894,M008,P006,2025-05-03 11:30:00,B,970,929,16
PR03895,M007,P001,2025-11-06 18:45:00,C,427,341,3
PR03896,M016,P002,2025-07-14 08:45:00,C,955,894,12
PR03897,M003,P004,2025-02-15 18:45:00,C,899,840,6
PR03898,M005,P009,2025-09-02 17:15:00,C,340,309,8
PR03899,M005,P010,2025-09-02 11:15:00,C,541,436,6
PR03900,M006,P009,2025-05-22 17:45:00,A,559,531,6
PR03901,M005,P003,2025-07-26 18:15:00,C,597,608,36
PR03902,M001,P013,2025-04-24 02:45:00,A,960,868,25
PR03903,M016,P012,2025-10-18 20:30:00,C,749,643,14
PR03904,M003,P015,2025-09-11 23:45:00,A,876,605,13
PR03905,M003,P002,2025-12-09 09:15:00,C,609,586,33
PR03906,M015,P003,2025-06-19 15:30:00,A,332,367,5
PR03907,M014,P003,2025-11-13 08:00:00,C,492,412,17
PR03908,M015,P001,2025-05-12 06:15:00,C,890,641,22
PR03909,M009,P005,2025-10-02 10:30:00,A,316,274,15
PR03910,M019,P008,2025-01-31 22:00:00,B,316,237,12
PR03911,M017,P013,2025-11-15 06:30:00,A,585,645,3
PR03912,M004,P004,2025-09-16 17:45:00,A,925,1027,40
PR03913,M017,P015,2025-11-18 18:15:00,C,678,621,14
PR03914,M007,P005,2025-02-09 03:00:00,B,632,611,4
PR03915,M006,P007,2025-07-09 12:00:00,A,958,757,39
PR03916,M006,P002,2025-06-04 10:30:00,A,590,508,7
PR03917,M010,P001,2025-06-24 22:30:00,B,698,653,12
PR03918,M013,P015,2025-02-12 14:15:00,A,982,793,16
PR03919,M008,P015,2025-11-16 10:30:00,C,783,755,6
PR03920,M004,P007,2025-09-27 02:00:00,A,752,687,33
PR03921,M006,P003,2025-06-22 04:00:00,B,565,531,3
PR03922,M002,P015,2025-11-21 03:45:00,C,646,501,13
PR03923,M004,P004,2025-06-22 13:30:00,A,980,913,21
PR03924,M005,P009,2025-12-12 06:45:00,B,701,580,29
PR03925,M020,P002,2025-11-02 02:30:00,C,741,752,22
PR03926,M011,P003,2025-07-11 23:45:00,C,861,642,5
PR03927,M010,P003,2025-06-05 18:15:00,C,474,341,15
PR03928,M001,P013,2025-10-26 19:30:00,A,815,611,7
PR03929,M006,P007,2025-04-21 16:30:00,B,706,697,14
PR03930,M015,P005,2025-03-20 00:00:00,A,466,451,3
PR03931,M013,P006,2025-03-19 01:30:00,C,614,580,20
PR03932,M020,P002,2025-06-02 17:00:00,A,855,655,10
PR03933,M009,P012,2025-12-05 12:45:00,C,984,812,23
PR03934,M018,P011,2025-10-23 03:30:00,A,495,488,22
PR03935,M018,P013,2025-02-18 03:15:00,A,363,347,9
PR03936,M001,P012,2025-05-01 09:15:00,A,856,677,30
PR03937,M006,P001,2025-03-17 23:30:00,A,704,499,20
PR03938,M002,P014,2025-06-10 07:30:00,B,462,414,12
PR03939,M019,P013,2025-08-31 12:00:00,C,618,575,23
PR03940,M018,P012,2025-09-10 20:45:00,B,704,699,15
PR03941,M002,P001,2025-09-07 04:00:00,A,340,267,14
PR03942,M020,P012,2025-04-22 22:00:00,B,679,751,5
PR03943,M014,P012,2025-03-16 09:45:00,C,440,385,21
PR03944,M014,P013,2025-09-30 18:15:00,C,907,741,44
PR03945,M018,P003,2025-12-30 22:15:00,C,894,813,33
PR03946,M006,P013,2025-10-23 06:45:00,B,963,736,31
PR03947,M006,P011,2025-10-09 20:45:00,A,828,645,5
PR03948,M019,P004,2025-06-30 14:15:00,A,380,307,12
PR03949,M008,P005,2025-02-11 23:45:00,C,998,932,14
PR03950,M001,P008,2025-08-28 23:00:00,B,654,486,15
PR03951,M007,P013,2025-07-11 00:30:00,B,879,680,38
PR03952,M018,P015,2025-08-22 12:45:00,A,724,531,5
PR03953,M009,P012,2025-06-16 18:30:00,A,374,371,17
PR03954,M007,P012,2025-03-25 11:30:00,A,644,447,22
PR03955,M004,P015,2025-06-17 19:00:00,C,659,523,22
PR03956,M004,P011,2025-12-27 03:00:00,A,910,778,17
PR03957,M009,P002,2025-08-08 07:45:00,B,664,722,33
PR03958,M016,P014,2025-05-02 15:15:00,C,444,362,4
PR03959,M003,P008,2025-08-27 01:15:00,A,994,748,9
PR03960,M015,P012,2025-09-27 19:15:00,C,661,668,15
PR03961,M008,P013,2025-06-13 04:00:00,B,372,360,13
PR03962,M008,P002,2025-04-22 02:00:00,A,613,586,34
PR03963,M019,P015,2025-10-01 16:45:00,B,465,533,25
PR03964,M017,P013,2025-12-11 00:00:00,A,540,559,19
PR03965,M002,P003,2025-05-05 22:45:00,A,604,543,4
PR03966,M003,P008,2025-09-14 04:30:00,A,377,378,2
PR03967,M007,P003,2025-03-10 16:30:00,A,732,517,15
PR03968,M001,P005,2025-05-25 18:45:00,A,311,218,3
PR03969,M014,P006,2025-11-26 09:45:00,A,561,455,5
PR03970,M010,P002,2025-01-24 00:30:00,A,704,536,3
PR03971,M016,P013,2025-03-04 07:30:00,A,675,566,7
PR03972,M014,P013,2025-12-17 21:15:00,C,995,754,44
PR03973,M020,P015,2025-08-26 04:00:00,C,800,696,34
PR03974,M016,P007,2025-10-26 17:45:00,B,867,853,43
PR03975,M020,P009,2025-08-13 11:00:00,A,522,456,22
PR03976,M006,P001,2025-09-30 18:15:00,B,929,825,33
PR03977,M017,P007,2025-09-17 15:15:00,C,339,297,7
PR03978,M001,P008,2025-02-13 20:45:00,C,528,451,16
PR03979,M016,P013,2025-12-03 12:30:00,B,993,686,17
PR03980,M011,P004,2025-09-19 10:15:00,C,882,624,37
PR03981,M008,P010,2025-07-20 23:15:00,A,333,278,4
PR03982,M017,P006,2025-08-18 02:30:00,B,557,437,12
PR03983,M015,P009,2025-08-22 00:15:00,C,355,363,9
PR03984,M011,P013,2025-05-23 05:00:00,A,654,552,22
PR03985,M017,P012,2025-12-11 10:30:00,C,589,645,37
PR03986,M017,P009,2025-12-13 13:45:00,C,779,726,24
PR03987,M001,P015,2025-03-26 20:15:00,B,408,415,20
PR03988,M004,P013,2025-01-12 19:30:00,A,806,803,7
PR03989,M009,P002,2025-06-01 12:00:00,A,754,589,32
PR03990,M009,P005,2025-12-22 09:45:00,A,718,645,22
PR03991,M018,P007,2025-08-10 04:30:00,B,607,629,12
PR03992,M001,P004,2025-02-12 03:00:00,A,420,375,11
PR03993,M015,P004,2025-03-22 10:45:00,A,348,324,15
PR03994,M016,P011,2025-06-07 12:45:00,B,842,757,29
PR03995,M004,P013,2025-11-04 21:00:00,B,518,551,10
PR03996,M010,P008,2025-08-15 19:15:00,A,567,513,19
PR03997,M010,P004,2025-05-25 16:00:00,A,407,424,14
PR03998,M004,P009,2025-05-07 02:30:00,A,665,633,32
PR03999,M008,P015,2025-03-27 14:30:00,B,908,685,13
PR04000,M016,P005,2025-05-19 06:15:00,A,662,677,33
PR04001,M004,P002,2025-12-19 10:15:00,B,689,573,8
PR04002,M001,P011,2025-05-13 03:00:00,A,416,416,23
PR04003,M002,P006,2025-01-15 12:00:00,A,800,601,10
PR04004,M015,P011,2025-04-01 02:30:00,A,571,394,21
PR04005,M004,P011,2025-07-07 06:30:00,B,985,760,39
PR04006,M003,P009,2025-12-09 19:30:00,B,576,550,15
PR04007,M013,P009,2025-06-18 10:15:00,A,749,776,45
PR04008,M020,P010,2025-11-25 19:30:00,C,361,329,7
PR04009,M012,P009,2025-06-09 01:15:00,A,496,362,6
PR04010,M011,P001,2025-12-22 06:30:00,B,960,778,26
PR04011,M015,P013,2025-06-11 01:45:00,A,981,824,33
PR04012,M016,P008,2025-07-04 08:30:00,B,434,331,7
PR04013,M014,P005,2025-09-05 08:30:00,A,580,531,4
PR04014,M005,P007,2025-01-25 13:00:00,B,695,689,37
PR04015,M019,P004,2025-10-07 13:15:00,C,987,895,29
PR04016,M004,P003,2025-06-30 20:30:00,A,968,918,6
PR04017,M007,P010,2025-01-12 08:00:00,B,779,564,14
PR04018,M008,P003,2025-01-23 02:45:00,C,361,383,23
PR04019,M004,P012,2025-05-10 14:00:00,B,750,677,28
PR04020,M012,P001,2025-06-01 06:00:00,C,703,713,12
PR04021,M009,P003,2025-04-29 23:30:00,B,552,465,9
PR04022,M003,P013,2025-10-13 18:30:00,B,459,397,7
PR04023,M012,P012,2025-10-30 08:45:00,C,568,492,23
PR04024,M004,P008,2025-07-01 14:00:00,C,477,375,6
PR04025,M009,P015,2025-05-28 21:15:00,A,749,718,9
PR04026,M016,P007,2025-03-24 06:15:00,A,703,721,40
PR04027,M013,P006,2025-08-25 13:30:00,C,331,328,15
PR04028,M003,P002,2025-07-07 03:00:00,A,467,439,8
PR04029,M010,P011,2025-06-29 00:15:00,C,434,388,18
PR04030,M005,P008,2025-06-23 18:30:00,B,473,470,26
PR04031,M008,P014,2025-09-09 15:30:00,C,486,399,7
PR04032,M014,P013,2025-08-22 06:15:00,C,751,734,12
PR04033,M006,P002,2025-10-24 05:00:00,B,652,532,17
PR04034,M013,P013,2025-04-10 20:30:00,B,834,719,38
PR04035,M006,P001,2025-04-21 15:00:00,C,669,682,4
PR04036,M019,P006,2025-10-18 17:15:00,A,367,340,6
PR04037,M005,P010,2025-09-01 19:15:00,B,538,522,6
PR04038,M006,P011,2025-04-09 08:00:00,C,618,499,4
PR04039,M018,P012,2025-08-21 21:30:00,A,921,881,12
PR04040,M016,P002,2025-01-01 19:00:00,A,783,601,4
PR04041,M014,P013,2025-03-04 16:30:00,A,655,473,11
PR04042,M020,P009,2025-03-09 07:15:00,C,377,353,18
PR04043,M001,P014,2025-08-26 11:00:00,C,771,657,9
PR04044,M010,P002,2025-09-27 17:00:00,B,744,759,41
PR04045,M018,P007,2025-06-22 00:15:00,B,586,449,13
PR04046,M001,P010,2025-11-29 11:45:00,B,632,540,19
PR04047,M008,P007,2025-10-22 03:30:00,B,643,417,6
PR04048,M011,P002,2025-11-15 09:45:00,C,431,327,11
PR04049,M011,P015,2025-03-05 09:15:00,A,340,307,11
PR04050,M013,P005,2025-12-16 22:30:00,C,710,544,17
PR04051,M013,P008,2025-04-10 09:15:00,B,887,975,54
PR04052,M012,P009,2025-01-18 14:45:00,B,877,831,42
PR04053,M005,P007,2025-08-17 08:00:00,B,388,237,7
PR04054,M018,P010,2025-02-16 16:45:00,B,939,691,25
PR04055,M004,P007,2025-04-21 14:45:00,C,353,288,15
PR04056,M015,P009,2025-05-17 11:15:00,A,564,644,38
PR04057,M017,P014,2025-05-19 14:00:00,B,599,424,10
PR04058,M005,P013,2025-07-11 12:15:00,A,742,758,41
PR04059,M012,P007,2025-04-23 21:15:00,B,780,888,10
PR04060,M011,P008,2025-04-05 02:15:00,C,555,387,14
PR04061,M013,P007,2025-09-17 18:30:00,A,901,692,10
PR04062,M007,P007,2025-01-04 18:00:00,C,641,728,36
PR04063,M008,P014,2025-11-07 01:15:00,C,331,274,15
PR04064,M018,P005,2025-07-27 10:15:00,C,428,391,9
PR04065,M002,P001,2025-12-14 19:45:00,B,751,802,6
PR04066,M015,P001,2025-05-20 12:00:00,A,584,593,11
PR04067,M018,P008,2025-05-23 23:00:00,A,976,843,13
PR04068,M014,P003,2025-12-05 23:45:00,A,544,570,25
PR04069,M017,P007,2025-07-03 15:45:00,B,608,618,16
PR04070,M010,P002,2025-03-04 16:15:00,B,597,566,25
PR04071,M017,P008,2025-03-29 15:30:00,A,539,510,20
PR04072,M005,P004,2025-08-03 06:30:00,C,885,748,30
PR04073,M004,P004,2025-04-23 18:15:00,A,425,355,15
PR04074,M009,P015,2025-12-05 22:00:00,B,596,577,33
PR04075,M015,P011,2025-08-03 14:45:00,C,372,329,15
PR04076,M008,P010,2025-07-14 12:00:00,A,603,478,17
PR04077,M015,P013,2025-02-20 12:30:00,B,679,533,27
PR04078,M013,P001,2025-07-10 15:45:00,C,694,646,12
PR04079,M014,P005,2025-06-30 04:00:00,B,812,842,11
PR04080,M020,P009,2025-06-14 05:00:00,C,802,653,14
PR04081,M009,P003,2025-09-11 16:15:00,A,907,816,20
PR04082,M020,P003,2025-01-03 13:00:00,C,867,739,5
PR04083,M016,P003,2025-10-02 14:15:00,B,960,879,7
PR04084,M003,P005,2025-08-01 13:15:00,A,898,631,9
PR04085,M001,P015,2025-01-29 06:00:00,A,857,897,16
PR04086,M017,P009,2025-02-25 03:30:00,B,984,716,18
PR04087,M004,P006,2025-06-25 16:45:00,A,627,524,19
PR04088,M015,P012,2025-05-22 06:45:00,C,923,786,15
PR04089,M003,P011,2025-04-19 10:00:00,A,763,829,27
PR04090,M008,P011,2025-06-18 11:45:00,A,734,754,22
PR04091,M005,P006,2025-10-05 22:30:00,C,850,746,26
PR04092,M004,P013,2025-07-18 01:00:00,C,914,899,33
PR04093,M006,P010,2025-08-10 04:30:00,A,734,762,33
PR04094,M004,P008,2025-07-21 21:30:00,C,440,422,22
PR04095,M001,P003,2025-08-23 06:45:00,C,792,770,6
PR04096,M005,P014,2025-09-11 02:00:00,A,995,936,37
PR04097,M003,P010,2025-04-07 17:45:00,A,462,391,19
PR04098,M009,P007,2025-11-21 08:30:00,C,691,584,13
PR04099,M020,P004,2025-04-04 04:00:00,C,396,319,15
PR04100,M005,P006,2025-06-30 01:15:00,A,594,479,6
PR04101,M020,P013,2025-12-11 17:00:00,C,583,461,10
PR04102,M017,P005,2025-05-26 02:30:00,A,463,357,19
PR04103,M008,P003,2025-06-27 01:45:00,C,586,503,8
PR04104,M010,P015,2025-01-28 18:45:00,A,325,193,4
PR04105,M008,P015,2025-02-14 00:00:00,A,779,686,29
PR04106,M015,P007,2025-09-08 15:15:00,A,801,684,16
PR04107,M004,P005,2025-08-13 04:45:00,B,665,597,21
PR04108,M008,P010,2025-02-19 05:45:00,A,716,656,16
PR04109,M003,P006,2025-10-23 23:15:00,A,921,740,9
PR04110,M008,P010,2025-11-25 03:15:00,A,560,573,10
PR04111,M017,P003,2025-08-12 05:45:00,B,933,912,49
PR04112,M003,P014,2025-08-17 15:15:00,A,520,494,25
PR04113,M015,P006,2025-11-05 19:00:00,C,526,500,7
PR04114,M010,P013,2025-05-05 18:30:00,A,622,582,32
PR04115,M013,P014,2025-02-13 23:00:00,C,731,782,40
PR04116,M009,P004,2025-12-11 10:00:00,B,346,270,5
PR04117,M014,P010,2025-05-09 06:45:00,A,573,478,23
PR04118,M005,P003,2025-05-10 04:15:00,B,307,311,9
PR04119,M015,P015,2025-07-23 22:15:00,C,626,418,14
PR04120,M007,P009,2025-06-13 21:45:00,B,408,298,17
PR04121,M005,P006,2025-04-22 01:00:00,C,344,362,6
PR04122,M012,P009,2025-08-06 20:45:00,B,756,755,16
PR04123,M009,P013,2025-03-03 15:15:00,B,866,878,16
PR04124,M012,P011,2025-11-23 06:15:00,C,488,465,23
PR04125,M015,P006,2025-07-31 16:30:00,B,366,307,7
PR04126,M016,P007,2025-04-15 10:00:00,C,827,648,31
PR04127,M002,P013,2025-12-12 12:30:00,C,879,720,20
PR04128,M019,P014,2025-04-28 22:15:00,B,758,734,10
PR04129,M005,P006,2025-05-20 16:30:00,A,952,754,44
PR04130,M007,P008,2025-05-16 10:30:00,C,791,832,33
PR04131,M010,P004,2025-03-08 07:45:00,A,706,609,34
PR04132,M016,P003,2025-04-05 19:45:00,A,347,346,6
PR04133,M010,P015,2025-10-30 17:15:00,C,424,314,15
PR04134,M003,P012,2025-04-08 19:15:00,C,470,409,10
PR04135,M019,P013,2025-12-08 09:45:00,B,436,464,20
PR04136,M010,P013,2025-04-12 19:00:00,B,858,772,44
PR04137,M014,P007,2025-07-26 14:00:00,B,351,354,8
PR04138,M019,P011,2025-11-08 09:15:00,B,741,789,40
PR04139,M017,P006,2025-04-18 16:45:00,B,817,621,28
PR04140,M006,P007,2025-10-24 05:30:00,B,948,798,29
PR04141,M010,P012,2025-10-17 04:15:00,B,446,372,7
PR04142,M009,P008,2025-10-04 22:15:00,A,784,815,37
PR04143,M004,P001,2025-04-09 21:15:00,B,559,599,17
PR04144,M017,P007,2025-02-21 09:45:00,A,389,288,17
PR04145,M006,P005,2025-09-15 17:45:00,B,832,888,35
PR04146,M020,P006,2025-11-06 08:00:00,A,551,509,25
PR04147,M018,P009,2025-09-24 13:30:00,A,727,737,6
PR04148,M004,P007,2025-12-23 20:15:00,C,403,398,14
PR04149,M007,P008,2025-04-08 08:45:00,B,730,696,34
PR04150,M006,P015,2025-11-05 07:00:00,A,393,345,18
PR04151,M008,P010,2025-02-09 12:15:00,A,398,352,14
PR04152,M013,P011,2025-07-06 04:15:00,C,374,401,7
PR04153,M002,P003,2025-04-22 21:00:00,A,598,578,8
PR04154,M006,P010,2025-03-04 17:45:00,B,795,614,31
PR04155,M019,P012,2025-11-06 00:15:00,C,400,336,9
PR04156,M003,P008,2025-01-08 00:00:00,B,407,403,16
PR04157,M017,P015,2025-06-25 06:15:00,B,601,590,10
PR04158,M014,P010,2025-02-28 11:00:00,A,620,505,16
PR04159,M002,P014,2025-02-28 14:00:00,B,865,777,45
PR04160,M001,P014,2025-01-28 01:15:00,C,972,1061,47
PR04161,M001,P006,2025-04-14 09:00:00,C,483,510,22
PR04162,M005,P011,2025-12-30 06:15:00,C,571,584,20
PR04163,M003,P004,2025-06-29 05:45:00,A,693,581,31
PR04164,M017,P015,2025-02-20 13:45:00,C,877,797,17
PR04165,M017,P002,2025-04-21 05:45:00,A,805,824,22
PR04166,M011,P002,2025-08-10 14:45:00,B,438,501,3
PR04167,M006,P001,2025-04-07 16:45:00,C,562,534,3
PR04168,M011,P004,2025-10-21 09:00:00,C,794,778,44
PR04169,M002,P011,2025-01-12 09:00:00,B,669,710,34
PR04170,M011,P003,2025-01-15 14:30:00,C,627,472,9
PR04171,M020,P008,2025-05-30 13:45:00,A,757,570,17
PR04172,M010,P014,2025-01-04 17:15:00,A,324,269,7
PR04173,M015,P003,2025-06-23 16:15:00,B,629,539,29
PR04174,M006,P010,2025-11-25 19:45:00,A,548,569,7
PR04175,M007,P005,2025-03-02 22:15:00,A,433,359,3
PR04176,M020,P001,2025-08-07 06:45:00,B,846,655,35
PR04177,M009,P014,2025-01-16 05:30:00,B,342,344,14
PR04178,M018,P006,2025-02-09 23:00:00,B,771,589,16
PR04179,M009,P014,2025-10-18 13:45:00,A,499,535,26
PR04180,M003,P004,2025-08-18 23:00:00,C,615,623,22
PR04181,M009,P014,2025-12-03 16:00:00,B,891,746,43
PR04182,M003,P010,2025-12-24 13:45:00,B,711,714,20
PR04183,M014,P005,2025-03-08 08:45:00,B,329,268,3
PR04184,M007,P009,2025-02-08 15:45:00,A,341,266,4
PR04185,M005,P006,2025-05-09 22:30:00,A,535,423,13
PR04186,M018,P005,2025-03-18 01:30:00,C,951,885,38
PR04187,M006,P010,2025-10-16 17:45:00,C,541,438,13
PR04188,M006,P012,2025-04-08 06:30:00,B,783,815,32
PR04189,M017,P005,2025-01-16 19:15:00,B,889,789,30
PR04190,M019,P009,2025-05-27 17:30:00,A,572,420,13
PR04191,M018,P007,2025-06-13 23:45:00,C,993,827,29
PR04192,M008,P014,2025-08-21 12:15:00,A,459,363,8
PR04193,M009,P013,2025-06-09 00:45:00,A,945,756,12
PR04194,M009,P015,2025-03-01 08:15:00,C,394,308,13
PR04195,M007,P004,2025-06-25 05:45:00,B,516,459,13
PR04196,M004,P012,2025-08-24 01:30:00,C,582,434,11
PR04197,M019,P005,2025-06-06 06:30:00,B,597,645,15
PR04198,M003,P011,2025-10-18 10:45:00,C,956,796,37
PR04199,M012,P002,2025-09-30 22:30:00,A,483,501,16
PR04200,M020,P003,2025-11-16 03:00:00,B,717,553,18
PR04201,M015,P012,2025-12-05 12:30:00,A,482,526,8
PR04202,M004,P006,2025-06-15 06:45:00,A,683,606,22
PR04203,M017,P004,2025-01-02 01:45:00,B,623,623,25
PR04204,M018,P003,2025-09-03 18:15:00,B,540,497,29
PR04205,M010,P015,2025-06-16 23:15:00,A,378,256,7
PR04206,M003,P015,2025-09-02 17:45:00,B,472,392,18
PR04207,M013,P013,2025-11-20 13:00:00,C,735,639,29
PR04208,M005,P013,2025-11-17 13:15:00,A,756,758,29
PR04209,M003,P006,2025-09-23 15:00:00,C,695,524,10
PR04210,M007,P002,2025-01-05 03:00:00,B,468,422,5
PR04211,M020,P009,2025-01-23 00:30:00,B,353,299,17
PR04212,M013,P015,2025-09-19 07:15:00,A,415,435,4
PR04213,M020,P010,2025-05-16 23:30:00,C,444,408,19
PR04214,M003,P005,2025-08-20 16:30:00,A,467,302,3
PR04215,M008,P012,2025-05-23 08:15:00,C,563,469,15
PR04216,M011,P012,2025-08-05 02:30:00,C,892,741,25
PR04217,M016,P012,2025-12-29 19:30:00,C,767,792,13
PR04218,M019,P008,2025-09-15 05:15:00,C,329,232,8
PR04219,M002,P006,2025-11-04 20:15:00,C,699,645,25
PR04220,M009,P014,2025-04-22 19:30:00,A,988,905,20
PR04221,M012,P013,2025-10-19 01:15:00,C,649,687,8
PR04222,M014,P004,2025-11-20 13:45:00,B,735,722,38
PR04223,M003,P001,2025-06-07 21:45:00,A,702,442,22
PR04224,M010,P014,2025-09-14 09:15:00,C,698,550,7
PR04225,M020,P011,2025-05-27 03:00:00,A,433,429,14
PR04226,M008,P008,2025-06-14 12:30:00,B,546,483,24
PR04227,M011,P008,2025-10-30 10:00:00,A,757,696,17
PR04228,M011,P014,2025-09-06 08:30:00,C,458,410,6
PR04229,M011,P013,2025-10-10 09:45:00,A,768,779,32
PR04230,M014,P006,2025-03-22 15:15:00,A,936,757,32
PR04231,M002,P003,2025-04-18 19:45:00,A,808,716,26
PR04232,M018,P005,2025-04-25 21:30:00,A,575,361,2
PR04233,M011,P004,2025-06-25 18:00:00,C,431,305,9
PR04234,M016,P007,2025-10-06 10:00:00,C,506,517,20
PR04235,M006,P001,2025-05-07 10:15:00,B,929,781,23
PR04236,M007,P005,2025-01-31 16:30:00,B,444,331,16
PR04237,M012,P010,2025-02-09 02:45:00,A,838,713,29
PR04238,M003,P008,2025-12-04 06:00:00,A,593,462,27
PR04239,M012,P005,2025-07-16 01:15:00,B,507,541,5
PR04240,M014,P001,2025-02-14 16:30:00,C,555,431,21
PR04241,M018,P001,2025-04-03 21:00:00,C,945,894,49
PR04242,M016,P012,2025-03-23 21:00:00,C,332,332,19
PR04243,M013,P005,2025-07-31 15:45:00,B,774,703,40
PR04244,M017,P002,2025-06-28 09:30:00,C,932,943,16
PR04245,M005,P007,2025-06-19 22:30:00,C,506,428,23
PR04246,M018,P010,2025-04-15 18:30:00,C,680,523,26
PR04247,M003,P005,2025-03-11 06:15:00,C,493,488,21
PR04248,M009,P001,2025-09-24 10:30:00,B,329,276,4
PR04249,M010,P005,2025-03-12 13:00:00,C,694,603,36
PR04250,M014,P005,2025-09-02 13:15:00,C,409,402,22
PR04251,M008,P001,2025-05-06 23:30:00,A,976,729,27
PR04252,M006,P006,2025-10-26 09:00:00,A,747,627,32
PR04253,M015,P008,2025-12-08 01:15:00,A,534,532,21
PR04254,M018,P010,2025-03-24 11:15:00,A,849,659,39
PR04255,M019,P002,2025-10-30 21:30:00,C,917,824,19
PR04256,M010,P005,2025-12-28 22:30:00,B,621,660,18
PR04257,M006,P005,2025-05-09 10:15:00,A,543,579,34
PR04258,M001,P013,2025-09-27 12:45:00,A,851,726,14
PR04259,M010,P007,2025-09-15 18:45:00,B,799,742,40
PR04260,M011,P015,2025-01-23 23:15:00,A,733,666,31
PR04261,M002,P014,2025-03-07 16:00:00,C,358,355,11
PR04262,M014,P002,2025-09-11 07:30:00,A,733,552,10
PR04263,M009,P006,2025-12-06 09:00:00,B,799,781,8
PR04264,M017,P012,2025-06-15 05:45:00,C,653,576,9
PR04265,M002,P007,2025-04-14 04:45:00,B,801,696,40
PR04266,M011,P006,2025-09-24 16:00:00,B,655,555,17
PR04267,M019,P004,2025-12-13 13:00:00,B,731,709,42
PR04268,M012,P006,2025-05-03 12:30:00,A,717,675,16
PR04269,M005,P005,2025-12-23 13:00:00,B,373,267,4
PR04270,M019,P003,2025-02-08 16:15:00,A,682,569,15
PR04271,M013,P010,2025-03-16 20:45:00,B,881,775,40
PR04272,M020,P007,2025-10-11 09:45:00,C,884,846,28
PR04273,M007,P007,2025-04-12 02:45:00,C,529,418,8
PR04274,M005,P004,2025-04-04 05:30:00,A,876,903,25
PR04275,M013,P004,2025-03-03 04:45:00,A,588,561,6
PR04276,M001,P014,2025-11-07 02:45:00,C,549,458,19
PR04277,M001,P007,2025-07-05 21:30:00,A,531,599,9
PR04278,M015,P006,2025-06-28 13:45:00,B,511,488,12
PR04279,M010,P015,2025-11-14 23:30:00,A,470,406,2
PR04280,M005,P005,2025-12-30 01:15:00,C,463,403,2
PR04281,M005,P011,2025-03-31 22:45:00,C,611,654,32
PR04282,M005,P001,2025-04-28 10:45:00,A,382,289,10
PR04283,M005,P011,2025-10-04 00:45:00,A,988,926,55
PR04284,M004,P002,2025-10-15 10:15:00,C,965,1010,54
PR04285,M013,P007,2025-03-25 16:00:00,B,777,644,11
PR04286,M016,P003,2025-07-21 07:45:00,C,966,908,35
PR04287,M001,P004,2025-02-07 20:15:00,A,462,428,9
PR04288,M001,P014,2025-12-17 15:00:00,A,477,421,16
PR04289,M005,P012,2025-09-09 11:15:00,B,653,637,26
PR04290,M019,P011,2025-06-25 04:45:00,B,637,608,31
PR04291,M003,P003,2025-01-25 23:15:00,C,355,258,8
PR04292,M018,P010,2025-07-23 10:15:00,A,590,605,24
PR04293,M001,P015,2025-09-14 11:15:00,C,913,975,14
PR04294,M014,P005,2025-02-07 10:00:00,C,583,584,17
PR04295,M017,P015,2025-02-15 07:45:00,A,386,313,8
PR04296,M009,P012,2025-03-10 22:45:00,C,411,449,18
PR04297,M009,P012,2025-12-08 00:15:00,B,876,755,16
PR04298,M018,P009,2025-08-23 15:45:00,B,704,490,26
PR04299,M019,P014,2025-06-25 20:30:00,A,316,391,17
PR04300,M005,P004,2025-12-24 11:30:00,C,709,680,23
PR04301,M010,P002,2025-12-23 20:30:00,A,905,894,10
PR04302,M011,P011,2025-11-23 14:00:00,A,725,626,22
PR04303,M001,P015,2025-07-29 01:45:00,A,847,640,27
PR04304,M003,P003,2025-11-21 22:15:00,A,863,906,10
PR04305,M001,P004,2025-10-23 19:45:00,C,705,702,10
PR04306,M013,P006,2025-08-16 07:30:00,B,556,512,30
PR04307,M011,P008,2025-09-05 00:45:00,B,955,720,20
PR04308,M013,P014,2025-04-10 18:45:00,B,800,712,16
PR04309,M011,P005,2025-04-14 19:15:00,B,377,324,18
PR04310,M012,P009,2025-10-09 20:45:00,C,546,531,4
PR04311,M019,P013,2025-08-08 17:00:00,A,359,321,4
PR04312,M017,P015,2025-08-05 13:15:00,A,623,596,19
PR04313,M004,P014,2025-12-18 01:30:00,B,828,627,13
PR04314,M002,P015,2025-11-08 14:00:00,A,341,250,14
PR04315,M016,P005,2025-08-19 06:30:00,A,563,533,21
PR04316,M020,P005,2025-07-25 18:15:00,A,887,815,6
PR04317,M001,P006,2025-04-18 03:30:00,B,889,783,9
PR04318,M003,P002,2025-03-06 21:30:00,A,970,985,14
PR04319,M010,P003,2025-10-26 20:00:00,C,501,441,3
PR04320,M020,P012,2025-10-23 09:00:00,C,485,363,11
PR04321,M015,P007,2025-01-19 23:15:00,B,442,321,9
PR04322,M011,P015,2025-01-19 20:45:00,A,469,470,16
PR04323,M018,P008,2025-04-14 09:00:00,B,963,695,25
PR04324,M014,P004,2025-05-29 21:15:00,A,321,231,8
PR04325,M013,P013,2025-12-20 18:15:00,B,948,880,5
PR04326,M010,P009,2025-05-05 16:15:00,A,304,236,6
PR04327,M014,P001,2025-10-10 10:00:00,B,527,431,13
PR04328,M018,P009,2025-08-13 14:45:00,C,763,674,25
PR04329,M015,P005,2025-03-11 01:15:00,A,360,281,8
PR04330,M014,P001,2025-07-03 16:15:00,B,543,505,3
PR04331,M006,P007,2025-08-13 15:45:00,B,413,369,14
PR04332,M014,P008,2025-06-24 14:00:00,B,493,497,10
PR04333,M010,P013,2025-12-24 11:00:00,B,616,457,11
PR04334,M020,P010,2025-12-14 16:15:00,A,630,503,14
PR04335,M016,P015,2025-12-29 03:30:00,A,406,417,19
PR04336,M014,P008,2025-04-29 17:30:00,A,376,324,9
PR04337,M020,P009,2025-11-29 11:00:00,A,976,919,5
PR04338,M014,P006,2025-09-16 23:15:00,C,369,301,5
PR04339,M012,P007,2025-01-31 05:45:00,A,627,543,21
PR04340,M020,P015,2025-12-19 07:15:00,B,853,803,15
PR04341,M016,P014,2025-03-12 08:30:00,C,762,625,33
PR04342,M007,P013,2025-11-23 04:45:00,A,496,485,3
PR04343,M006,P012,2025-05-18 21:15:00,C,775,616,26
PR04344,M009,P008,2025-09-19 20:45:00,B,893,971,56
PR04345,M018,P013,2025-04-03 06:45:00,B,325,211,4
PR04346,M007,P015,2025-12-22 05:45:00,A,839,615,37
PR04347,M008,P003,2025-11-09 04:15:00,C,885,993,58
PR04348,M009,P014,2025-12-23 00:45:00,C,489,447,19
PR04349,M011,P009,2025-02-18 16:30:00,C,581,478,19
PR04350,M013,P004,2025-05-03 02:30:00,A,303,290,5
PR04351,M010,P008,2025-04-14 05:15:00,C,741,646,25
PR04352,M017,P010,2025-10-07 12:30:00,C,753,596,30
PR04353,M014,P003,2025-08-12 20:15:00,C,394,323,3
PR04354,M010,P008,2025-07-28 17:30:00,B,695,512,20
PR04355,M017,P010,2025-01-26 21:15:00,C,515,391,11
PR04356,M013,P004,2025-11-24 09:45:00,A,778,851,35
PR04357,M013,P015,2025-07-23 06:15:00,A,316,322,10
PR04358,M020,P001,2025-09-21 00:15:00,C,512,508,14
PR04359,M009,P014,2025-05-26 21:45:00,C,588,519,31
PR04360,M004,P007,2025-12-29 07:00:00,B,534,538,4
PR04361,M011,P005,2025-05-01 12:45:00,A,483,561,14
PR04362,M013,P003,2025-05-29 00:30:00,A,764,712,40
PR04363,M013,P012,2025-10-22 11:00:00,B,406,342,3
PR04364,M010,P007,2025-01-23 23:00:00,C,487,499,27
PR04365,M020,P002,2025-01-10 20:00:00,C,752,600,30
PR04366,M013,P011,2025-07-14 04:30:00,B,584,416,3
PR04367,M003,P007,2025-10-07 17:30:00,B,627,692,35
PR04368,M019,P004,2025-01-29 05:30:00,B,456,458,22
PR04369,M015,P013,2025-05-17 23:30:00,A,314,294,2
PR04370,M001,P006,2025-11-12 16:30:00,C,324,205,8
PR04371,M007,P013,2025-01-16 13:45:00,A,755,545,9
PR04372,M009,P012,2025-09-13 02:30:00,A,766,704,16
PR04373,M006,P009,2025-03-29 18:15:00,C,599,576,29
PR04374,M012,P003,2025-10-09 02:30:00,A,969,751,25
PR04375,M002,P014,2025-08-14 12:00:00,B,423,479,7
PR04376,M003,P004,2025-01-30 15:15:00,C,439,400,22
PR04377,M006,P008,2025-06-01 07:00:00,B,552,552,4
PR04378,M010,P005,2025-11-04 12:15:00,A,545,483,16
PR04379,M005,P014,2025-12-14 07:45:00,C,957,822,31
PR04380,M014,P011,2025-10-15 11:00:00,B,495,444,3
PR04381,M001,P006,2025-02-19 09:45:00,A,971,820,27
PR04382,M011,P002,2025-05-20 21:45:00,C,976,776,29
PR04383,M009,P008,2025-03-06 06:45:00,C,799,635,12
PR04384,M009,P014,2025-12-20 07:00:00,C,373,336,11
PR04385,M017,P007,2025-01-06 00:15:00,B,562,404,17
PR04386,M013,P007,2025-12-12 15:15:00,B,790,640,13
PR04387,M016,P005,2025-01-03 14:15:00,A,524,444,23
PR04388,M020,P004,2025-03-17 00:00:00,C,856,558,16
PR04389,M010,P004,2025-11-24 04:30:00,C,435,417,9
PR04390,M011,P008,2025-05-07 11:00:00,B,711,475,13
PR04391,M004,P007,2025-07-11 04:45:00,A,728,749,13
PR04392,M018,P002,2025-07-24 15:00:00,A,770,615,12
PR04393,M008,P013,2025-06-23 07:45:00,C,694,758,43
PR04394,M020,P006,2025-04-23 00:15:00,A,939,989,24
PR04395,M018,P014,2025-12-24 12:00:00,B,834,819,31
PR04396,M020,P008,2025-05-02 09:00:00,C,395,294,11
PR04397,M015,P001,2025-06-05 14:30:00,B,578,589,18
PR04398,M003,P010,2025-10-29 19:00:00,B,889,1022,31
PR04399,M002,P011,2025-07-06 12:30:00,A,888,747,8
PR04400,M013,P009,2025-12-18 08:00:00,C,651,594,33
PR04401,M016,P015,2025-10-25 03:00:00,B,831,920,40
PR04402,M006,P013,2025-08-08 19:30:00,A,519,388,20
PR04403,M019,P010,2025-12-17 16:45:00,A,977,914,52
PR04404,M003,P002,2025-07-18 10:45:00,A,485,413,8
PR04405,M004,P003,2025-05-16 17:30:00,B,750,841,47
PR04406,M005,P014,2025-06-17 15:15:00,C,862,861,31
PR04407,M006,P005,2025-03-02 05:45:00,C,875,851,47
PR04408,M017,P005,2025-12-11 18:00:00,A,939,939,6
PR04409,M007,P008,2025-12-23 11:30:00,B,676,531,26
PR04410,M001,P008,2025-04-15 03:30:00,A,677,613,36
PR04411,M001,P001,2025-08-11 19:30:00,A,561,528,24
PR04412,M004,P001,2025-05-20 01:45:00,C,678,581,8
PR04413,M006,P003,2025-08-05 09:00:00,C,755,736,20
PR04414,M009,P005,2025-10-15 16:30:00,C,612,462,26
PR04415,M007,P013,2025-12-31 15:15:00,B,683,567,18
PR04416,M017,P015,2025-07-28 20:30:00,B,582,450,26
PR04417,M007,P010,2025-10-14 22:15:00,C,982,889,39
PR04418,M014,P012,2025-12-23 04:30:00,B,963,946,8
PR04419,M008,P012,2025-08-24 03:30:00,A,499,537,17
PR04420,M002,P005,2025-05-12 01:15:00,A,658,564,27
PR04421,M001,P008,2025-04-13 03:45:00,A,998,829,26
PR04422,M011,P001,2025-03-21 14:45:00,B,405,357,6
PR04423,M017,P009,2025-06-01 05:45:00,C,461,420,9
PR04424,M006,P014,2025-02-21 15:45:00,B,772,662,37
PR04425,M019,P002,2025-01-18 04:30:00,B,619,546,32
PR04426,M014,P001,2025-09-19 09:45:00,B,579,623,7
PR04427,M004,P006,2025-07-16 14:15:00,C,969,727,19
PR04428,M003,P004,2025-12-26 11:00:00,B,979,1038,28
PR04429,M014,P007,2025-01-16 22:45:00,B,531,441,19
PR04430,M006,P005,2025-08-11 12:30:00,A,593,614,14
PR04431,M017,P012,2025-11-18 20:00:00,B,721,767,33
PR04432,M017,P001,2025-02-07 14:00:00,B,674,651,6
PR04433,M018,P007,2025-08-20 07:15:00,B,418,341,12
PR04434,M001,P008,2025-07-02 10:30:00,A,436,341,8
PR04435,M002,P009,2025-06-28 21:30:00,B,809,605,35
PR04436,M011,P015,2025-09-30 15:30:00,C,596,444,21
PR04437,M013,P004,2025-10-28 18:45:00,B,971,801,30
PR04438,M012,P002,2025-08-09 00:00:00,B,692,642,15
PR04439,M019,P006,2025-02-14 15:45:00,A,671,467,16
PR04440,M011,P009,2025-02-04 05:45:00,C,502,389,21
PR04441,M009,P007,2025-01-11 21:00:00,A,939,994,16
PR04442,M014,P013,2025-07-23 08:45:00,B,378,325,18
PR04443,M002,P012,2025-05-08 04:15:00,C,430,460,22
PR04444,M006,P010,2025-09-19 03:00:00,C,409,261,11
PR04445,M008,P008,2025-08-15 02:30:00,B,344,276,11
PR04446,M016,P013,2025-10-11 21:00:00,C,439,433,14
PR04447,M001,P006,2025-05-08 00:00:00,C,833,836,31
PR04448,M001,P006,2025-09-18 01:00:00,A,574,456,8
PR04449,M017,P012,2025-10-11 23:00:00,C,349,349,8
PR04450,M008,P002,2025-08-10 18:00:00,A,949,740,8
PR04451,M006,P015,2025-07-30 22:45:00,B,882,750,30
PR04452,M012,P010,2025-08-09 14:45:00,C,564,438,5
PR04453,M009,P010,2025-04-08 12:15:00,C,352,329,17
PR04454,M005,P001,2025-06-14 19:00:00,A,476,364,19
PR04455,M004,P013,2025-04-25 02:30:00,B,743,666,30
PR04456,M010,P010,2025-07-20 11:45:00,C,824,774,13
PR04457,M004,P007,2025-06-26 01:30:00,B,540,516,11
PR04458,M019,P015,2025-06-30 01:45:00,B,447,438,19
PR04459,M018,P015,2025-04-08 04:15:00,B,531,497,27
PR04460,M019,P006,2025-07-17 08:00:00,B,490,423,23
PR04461,M017,P004,2025-09-08 08:30:00,C,857,734,17
PR04462,M009,P014,2025-05-06 09:00:00,A,830,663,13
PR04463,M006,P001,2025-12-12 20:45:00,B,827,680,8
PR04464,M020,P007,2025-11-10 12:30:00,A,690,617,9
PR04465,M011,P004,2025-08-23 13:15:00,B,442,342,5
PR04466,M012,P006,2025-03-04 17:15:00,C,927,911,40
PR04467,M017,P001,2025-08-29 17:00:00,A,464,499,26
PR04468,M019,P005,2025-08-21 15:00:00,B,994,1000,28
PR04469,M007,P005,2025-01-10 04:45:00,A,976,960,46
PR04470,M006,P004,2025-11-25 09:15:00,C,936,736,34
PR04471,M014,P007,2025-12-25 03:45:00,C,978,1035,41
PR04472,M002,P012,2025-09-07 23:30:00,A,781,683,27
PR04473,M018,P003,2025-02-10 21:00:00,B,602,437,20
PR04474,M012,P011,2025-01-10 02:45:00,A,780,788,38
PR04475,M005,P005,2025-04-07 23:30:00,A,445,348,14
PR04476,M009,P006,2025-07-04 15:45:00,B,761,783,24
PR04477,M006,P002,2025-12-12 10:00:00,A,468,481,26
PR04478,M013,P004,2025-05-25 16:30:00,C,742,764,13
PR04479,M001,P013,2025-04-28 18:45:00,C,847,794,12
PR04480,M019,P013,2025-12-08 09:45:00,C,639,605,24
PR04481,M008,P011,2025-05-07 11:30:00,C,757,783,34
PR04482,M005,P015,2025-04-01 16:30:00,B,547,431,17
PR04483,M014,P012,2025-06-08 13:00:00,B,729,701,40
PR04484,M014,P004,2025-11-27 14:00:00,C,832,859,31
PR04485,M011,P013,2025-08-01 23:00:00,C,530,522,25
PR04486,M015,P003,2025-03-11 22:00:00,A,417,457,11
PR04487,M005,P007,2025-11-20 10:00:00,C,389,327,12
PR04488,M020,P015,2025-04-11 16:45:00,B,661,555,32
PR04489,M001,P001,2025-12-14 14:00:00,C,790,683,33
PR04490,M017,P014,2025-11-27 03:00:00,B,330,202,4
PR04491,M004,P005,2025-12-08 13:00:00,C,704,588,22
PR04492,M001,P011,2025-01-22 18:45:00,C,755,591,26
PR04493,M006,P011,2025-01-05 00:30:00,A,946,961,14
PR04494,M005,P010,2025-09-05 21:30:00,B,903,958,27
PR04495,M003,P003,2025-09-22 06:00:00,C,653,525,24
PR04496,M015,P006,2025-04-22 08:15:00,C,540,480,27
PR04497,M013,P013,2025-08-18 21:45:00,B,809,712,36
PR04498,M010,P012,2025-09-30 15:30:00,C,349,333,3
PR04499,M006,P014,2025-10-30 14:00:00,C,562,417,23
PR04500,M016,P014,2025-01-16 13:00:00,B,976,1044,39
PR04501,M003,P008,2025-07-21 12:45:00,A,918,927,12
PR04502,M008,P013,2025-03-29 09:15:00,C,677,558,18
PR04503,M012,P012,2025-01-26 06:15:00,A,656,572,32
PR04504,M001,P008,2025-07-05 10:45:00,C,688,685,15
PR04505,M015,P014,2025-02-17 23:00:00,B,977,854,32
PR04506,M013,P002,2025-05-18 23:45:00,B,994,1058,9
PR04507,M006,P014,2025-11-09 22:15:00,B,972,857,31
PR04508,M002,P010,2025-06-20 12:30:00,B,561,442,23
PR04509,M013,P004,2025-02-02 20:30:00,B,702,626,5
PR04510,M009,P001,2025-03-16 22:00:00,B,355,376,3
PR04511,M012,P013,2025-09-19 14:00:00,A,607,605,28
PR04512,M020,P007,2025-12-19 23:45:00,B,946,1019,40
PR04513,M002,P006,2025-03-23 15:15:00,B,909,758,23
PR04514,M019,P015,2025-06-02 16:00:00,C,785,555,8
PR04515,M001,P001,2025-07-16 19:00:00,C,633,432,25
PR04516,M007,P003,2025-03-07 18:15:00,B,522,493,25
PR04517,M018,P014,2025-09-18 18:15:00,C,782,775,15
PR04518,M020,P002,2025-05-28 02:30:00,C,811,734,32
PR04519,M014,P011,2025-05-17 05:30:00,B,364,335,3
PR04520,M005,P012,2025-06-22 17:15:00,C,458,395,10
PR04521,M005,P013,2025-06-15 17:45:00,A,984,755,4
PR04522,M012,P003,2025-10-08 22:15:00,C,922,969,47
PR04523,M014,P005,2025-08-13 16:45:00,B,406,373,20
PR04524,M012,P006,2025-03-22 13:30:00,A,810,641,13
PR04525,M018,P006,2025-08-21 21:15:00,C,832,677,8
PR04526,M010,P014,2025-12-17 01:00:00,B,852,682,19
PR04527,M018,P015,2025-01-14 23:30:00,C,855,693,8
PR04528,M009,P005,2025-10-12 21:45:00,B,798,749,37
PR04529,M007,P014,2025-08-11 02:15:00,B,757,696,20
PR04530,M010,P014,2025-11-21 09:45:00,B,638,471,8
PR04531,M014,P015,2025-08-15 08:45:00,A,534,349,5
PR04532,M010,P004,2025-09-15 03:00:00,C,653,480,8
PR04533,M010,P001,2025-11-24 15:15:00,B,595,725,8
PR04534,M020,P008,2025-11-21 00:30:00,C,784,629,18
PR04535,M014,P007,2025-10-16 13:15:00,A,909,651,19
PR04536,M015,P013,2025-10-20 17:30:00,B,894,717,26
PR04537,M012,P009,2025-09-06 23:15:00,B,698,623,21
PR04538,M008,P002,2025-06-03 16:30:00,C,970,1039,31
PR04539,M014,P004,2025-11-10 17:30:00,C,568,475,13
PR04540,M009,P004,2025-06-13 05:30:00,B,790,594,19
PR04541,M003,P013,2025-11-24 05:00:00,C,445,350,9
PR04542,M018,P014,2025-02-11 17:45:00,A,640,585,22
PR04543,M001,P006,2025-03-06 23:15:00,B,908,681,16
PR04544,M012,P005,2025-06-29 23:00:00,A,748,524,12
PR04545,M016,P002,2025-06-15 23:00:00,A,885,701,19
PR04546,M014,P006,2025-04-07 19:15:00,A,552,605,33
PR04547,M018,P001,2025-04-14 11:15:00,C,677,557,28
PR04548,M017,P008,2025-07-22 05:15:00,C,422,408,23
PR04549,M016,P004,2025-09-08 20:30:00,B,948,817,39
PR04550,M019,P011,2025-08-06 07:00:00,C,902,916,28
PR04551,M011,P015,2025-05-07 13:45:00,B,721,481,16
PR04552,M015,P012,2025-01-06 01:30:00,A,584,630,26
PR04553,M003,P001,2025-11-04 12:15:00,B,924,951,43
PR04554,M017,P003,2025-11-10 07:15:00,B,451,298,4
PR04555,M016,P002,2025-05-29 12:15:00,A,316,261,6
PR04556,M015,P003,2025-08-23 14:30:00,B,508,486,25
PR04557,M017,P011,2025-11-23 10:00:00,C,904,929,6
PR04558,M018,P013,2025-06-05 00:45:00,A,637,590,28
PR04559,M020,P006,2025-07-06 06:45:00,A,646,572,10
PR04560,M002,P007,2025-08-21 23:00:00,C,657,498,8
PR04561,M018,P008,2025-08-01 14:15:00,A,366,336,12
PR04562,M018,P013,2025-04-04 15:30:00,A,529,460,24
PR04563,M014,P012,2025-02-27 09:15:00,A,617,424,2
PR04564,M009,P011,2025-10-17 01:30:00,C,843,679,19
PR04565,M014,P001,2025-04-15 13:00:00,B,733,656,15
PR04566,M008,P012,2025-09-01 15:30:00,B,658,641,19
PR04567,M005,P006,2025-05-29 03:00:00,A,626,666,20
PR04568,M018,P011,2025-05-31 01:15:00,C,636,564,28
PR04569,M005,P004,2025-09-15 17:00:00,B,326,362,12
PR04570,M002,P009,2025-09-06 16:30:00,A,668,636,25
PR04571,M010,P010,2025-03-20 09:00:00,A,316,328,10
PR04572,M004,P002,2025-03-01 12:45:00,B,314,291,3
PR04573,M012,P001,2025-11-22 11:45:00,A,747,558,11
PR04574,M018,P010,2025-01-22 09:30:00,A,865,711,41
PR04575,M013,P005,2025-03-08 20:45:00,C,323,318,2
PR04576,M017,P001,2025-06-07 19:15:00,C,640,531,13
PR04577,M010,P006,2025-04-26 20:45:00,B,516,443,23
PR04578,M008,P006,2025-09-19 23:00:00,A,796,607,27
PR04579,M014,P007,2025-06-01 20:15:00,C,566,423,17
PR04580,M007,P010,2025-05-07 21:00:00,C,341,289,6
PR04581,M006,P014,2025-10-08 00:30:00,B,863,836,27
PR04582,M002,P010,2025-02-23 09:00:00,C,889,745,34
PR04583,M013,P007,2025-09-15 14:15:00,C,375,384,22
PR04584,M010,P007,2025-10-15 03:15:00,C,318,259,10
PR04585,M014,P007,2025-02-25 21:15:00,A,862,683,16
PR04586,M014,P002,2025-07-09 14:15:00,A,414,333,8
PR04587,M019,P006,2025-08-14 12:45:00,B,704,592,34
PR04588,M002,P011,2025-11-24 18:30:00,C,800,611,4
PR04589,M016,P002,2025-11-28 16:45:00,B,422,378,18
PR04590,M009,P014,2025-01-19 08:15:00,B,691,755,38
PR04591,M014,P005,2025-08-18 02:45:00,B,640,464,12
PR04592,M020,P005,2025-06-26 21:15:00,C,913,1014,28
PR04593,M015,P009,2025-07-08 08:00:00,A,975,873,44
PR04594,M018,P013,2025-05-11 19:45:00,A,738,535,20
PR04595,M014,P001,2025-08-16 07:45:00,C,633,615,19
PR04596,M009,P001,2025-09-06 09:00:00,A,618,562,29
PR04597,M003,P009,2025-08-11 22:00:00,A,494,412,10
PR04598,M004,P014,2025-03-15 13:15:00,C,390,340,6
PR04599,M012,P013,2025-07-04 11:00:00,A,309,238,13
PR04600,M002,P009,2025-09-04 10:00:00,B,676,649,23
PR04601,M010,P001,2025-11-28 16:15:00,C,313,255,4
PR04602,M008,P003,2025-12-06 05:15:00,B,800,732,8
PR04603,M014,P008,2025-08-29 05:45:00,B,553,460,14
PR04604,M019,P011,2025-08-11 19:30:00,B,818,810,42
PR04605,M019,P005,2025-07-17 17:45:00,B,955,931,12
PR04606,M016,P003,2025-11-07 19:15:00,C,374,250,8
PR04607,M014,P015,2025-07-26 13:30:00,B,918,1033,18
PR04608,M004,P015,2025-11-27 16:15:00,C,491,361,3
PR04609,M007,P009,2025-12-31 06:00:00,C,795,727,5
PR04610,M004,P009,2025-10-01 07:15:00,A,504,384,9
PR04611,M002,P014,2025-02-23 12:45:00,A,586,562,7
PR04612,M008,P010,2025-11-02 07:30:00,B,498,373,9
PR04613,M003,P001,2025-10-06 03:30:00,C,796,669,25
PR04614,M013,P006,2025-07-13 13:00:00,A,812,643,10
PR04615,M016,P009,2025-05-29 12:00:00,C,444,407,5
PR04616,M005,P014,2025-11-06 04:15:00,B,644,486,23
PR04617,M002,P002,2025-11-25 03:15:00,B,645,463,16
PR04618,M020,P015,2025-09-03 19:45:00,C,967,709,9
PR04619,M012,P001,2025-02-02 01:45:00,C,957,836,22
PR04620,M006,P002,2025-04-20 13:00:00,B,700,617,31
PR04621,M009,P013,2025-01-22 14:15:00,A,782,891,27
PR04622,M005,P001,2025-10-24 00:15:00,A,933,693,38
PR04623,M010,P008,2025-06-24 23:45:00,B,481,419,6
PR04624,M017,P010,2025-09-20 10:45:00,A,938,853,29
PR04625,M020,P013,2025-02-02 07:15:00,A,772,643,9
PR04626,M011,P005,2025-03-30 04:45:00,A,986,972,56
PR04627,M012,P005,2025-02-27 09:15:00,A,863,850,40
PR04628,M018,P001,2025-11-25 02:45:00,A,618,501,10
PR04629,M017,P004,2025-09-01 20:15:00,B,576,578,22
PR04630,M011,P009,2025-06-29 11:30:00,A,963,735,37
PR04631,M020,P010,2025-10-04 15:30:00,A,339,243,14
PR04632,M008,P013,2025-04-07 03:45:00,B,448,280,15
PR04633,M014,P010,2025-10-28 22:00:00,B,589,470,12
PR04634,M003,P015,2025-05-16 00:00:00,C,349,325,9
PR04635,M013,P001,2025-12-13 06:15:00,C,634,521,31
PR04636,M013,P007,2025-10-18 06:00:00,A,697,658,8
PR04637,M001,P002,2025-04-29 03:45:00,B,396,398,6
PR04638,M011,P008,2025-02-13 22:45:00,C,423,347,13
PR04639,M020,P015,2025-05-09 01:30:00,C,412,365,13
PR04640,M008,P011,2025-01-06 00:30:00,B,722,695,34
PR04641,M006,P005,2025-03-22 13:15:00,A,673,683,12
PR04642,M017,P013,2025-05-03 20:00:00,B,453,474,23
PR04643,M006,P004,2025-09-03 03:00:00,B,706,613,13
PR04644,M002,P006,2025-08-17 14:45:00,B,594,438,9
PR04645,M020,P014,2025-02-13 15:30:00,B,496,368,14
PR04646,M017,P008,2025-12-22 21:30:00,C,467,334,4
PR04647,M004,P006,2025-11-16 22:00:00,A,710,695,22
PR04648,M010,P012,2025-02-17 02:30:00,C,466,448,5
PR04649,M003,P015,2025-06-09 11:30:00,C,726,684,11
PR04650,M014,P007,2025-08-29 22:30:00,C,394,389,22
PR04651,M009,P001,2025-06-14 09:30:00,A,970,683,4
PR04652,M001,P007,2025-11-29 02:45:00,A,712,785,8
PR04653,M003,P011,2025-04-16 20:00:00,C,416,332,6
PR04654,M011,P008,2025-11-20 20:00:00,C,765,613,35
PR04655,M011,P005,2025-07-14 11:45:00,A,565,421,20
PR04656,M010,P002,2025-07-24 23:00:00,A,748,692,40
PR04657,M003,P014,2025-08-04 08:15:00,A,577,615,27
PR04658,M005,P005,2025-05-10 15:30:00,C,598,651,37
PR04659,M003,P013,2025-03-16 04:15:00,A,363,403,5
PR04660,M020,P013,2025-08-05 16:30:00,B,709,480,16
PR04661,M005,P002,2025-02-20 20:30:00,B,928,708,19
PR04662,M004,P007,2025-05-27 13:30:00,B,632,551,31
PR04663,M007,P008,2025-10-25 10:00:00,C,740,513,5
PR04664,M008,P011,2025-02-23 07:30:00,A,956,893,48
PR04665,M019,P014,2025-12-17 00:45:00,C,856,781,27
PR04666,M017,P004,2025-06-14 14:45:00,A,354,223,11
PR04667,M016,P004,2025-05-21 03:30:00,A,949,972,21
PR04668,M020,P008,2025-05-17 22:15:00,A,680,759,38
PR04669,M012,P014,2025-08-10 19:45:00,A,335,199,3
PR04670,M019,P004,2025-02-09 21:45:00,B,627,489,29
PR04671,M001,P012,2025-01-10 02:00:00,C,830,659,20
PR04672,M012,P001,2025-07-03 05:00:00,C,635,650,27
PR04673,M017,P001,2025-06-29 15:15:00,B,814,600,16
PR04674,M004,P002,2025-04-16 23:15:00,C,594,500,28
PR04675,M020,P001,2025-06-27 08:00:00,C,951,974,31
PR04676,M004,P003,2025-09-30 23:00:00,C,703,612,10
PR04677,M007,P004,2025-03-02 14:30:00,A,917,649,35
PR04678,M007,P009,2025-04-05 10:45:00,B,797,696,17
PR04679,M007,P005,2025-08-08 03:45:00,A,479,436,8
PR04680,M016,P004,2025-09-12 20:45:00,C,493,297,7
PR04681,M006,P001,2025-09-08 08:15:00,B,403,381,15
PR04682,M015,P002,2025-11-01 07:45:00,C,567,450,18
PR04683,M005,P011,2025-12-29 19:30:00,B,446,427,26
PR04684,M018,P008,2025-04-26 20:00:00,B,888,749,32
PR04685,M012,P008,2025-11-08 22:15:00,A,704,590,18
PR04686,M003,P003,2025-04-24 16:00:00,C,732,741,36
PR04687,M007,P001,2025-03-18 02:15:00,A,628,449,8
PR04688,M002,P003,2025-01-16 15:30:00,B,492,378,18
PR04689,M006,P004,2025-07-27 18:30:00,A,837,875,47
PR04690,M008,P009,2025-03-06 05:15:00,B,474,445,16
PR04691,M001,P009,2025-12-27 15:00:00,B,889,680,13
PR04692,M004,P007,2025-10-15 14:15:00,C,791,712,8
PR04693,M007,P008,2025-10-11 05:15:00,A,684,604,30
PR04694,M010,P005,2025-07-10 03:15:00,C,376,391,20
PR04695,M008,P009,2025-11-03 17:15:00,A,853,589,24
PR04696,M009,P007,2025-02-19 07:15:00,A,756,571,11
PR04697,M011,P015,2025-06-06 11:30:00,A,615,495,3
PR04698,M004,P011,2025-07-02 10:15:00,A,509,478,17
PR04699,M005,P012,2025-09-19 00:15:00,C,878,850,7
PR04700,M011,P009,2025-05-24 15:45:00,B,905,1078,51
PR04701,M008,P004,2025-07-01 07:45:00,C,371,373,8
PR04702,M016,P001,2025-01-18 14:00:00,C,690,612,26
PR04703,M003,P012,2025-12-06 22:45:00,B,518,517,25
PR04704,M001,P010,2025-12-23 02:00:00,A,904,775,36
PR04705,M015,P001,2025-09-08 06:00:00,A,494,439,17
PR04706,M019,P003,2025-09-06 18:15:00,A,328,299,15
PR04707,M009,P008,2025-01-08 09:30:00,C,829,573,15
PR04708,M008,P003,2025-06-02 04:30:00,B,741,692,39
PR04709,M008,P007,2025-06-14 01:45:00,B,636,606,14
PR04710,M006,P015,2025-11-16 20:00:00,C,432,293,9
PR04711,M011,P012,2025-01-18 19:30:00,C,788,698,36
PR04712,M014,P009,2025-06-14 00:00:00,C,882,786,39
PR04713,M018,P013,2025-05-15 08:30:00,A,745,587,27
PR04714,M002,P015,2025-08-17 08:30:00,C,489,234,5
PR04715,M006,P001,2025-07-05 02:30:00,A,981,719,4
PR04716,M008,P001,2025-07-21 20:45:00,A,623,594,22
PR04717,M002,P007,2025-02-06 07:30:00,C,942,728,29
PR04718,M014,P006,2025-09-03 00:00:00,B,560,538,11
PR04719,M014,P005,2025-09-23 08:00:00,B,350,261,6
PR04720,M018,P013,2025-05-09 19:45:00,B,694,626,10
PR04721,M010,P007,2025-06-29 05:30:00,B,716,565,22
PR04722,M017,P001,2025-03-10 10:45:00,C,732,541,31
PR04723,M013,P006,2025-08-29 19:30:00,A,381,265,14
PR04724,M019,P006,2025-12-15 21:30:00,C,361,331,4
PR04725,M003,P013,2025-01-12 09:15:00,B,411,416,23
PR04726,M016,P014,2025-05-12 02:45:00,C,1000,828,47
PR04727,M006,P012,2025-12-05 12:15:00,A,403,354,17
PR04728,M010,P007,2025-03-04 18:45:00,A,711,564,8
PR04729,M017,P010,2025-07-31 16:30:00,A,599,468,22
PR04730,M006,P009,2025-05-09 21:30:00,A,386,393,14
PR04731,M016,P015,2025-02-15 07:45:00,C,947,775,16
PR04732,M019,P002,2025-11-01 22:15:00,C,892,770,34
PR04733,M018,P005,2025-05-17 09:30:00,B,320,306,7
PR04734,M017,P008,2025-05-01 18:15:00,C,959,935,33
PR04735,M009,P014,2025-01-10 20:45:00,C,549,463,14
PR04736,M005,P006,2025-08-29 06:45:00,A,843,575,11
PR04737,M014,P013,2025-10-16 03:45:00,B,425,397,9
PR04738,M004,P010,2025-08-10 13:45:00,A,358,310,3
PR04739,M015,P007,2025-07-06 05:45:00,C,559,383,6
PR04740,M019,P002,2025-09-12 00:30:00,A,730,700,21
PR04741,M014,P008,2025-11-18 11:45:00,A,517,515,26
PR04742,M004,P005,2025-12-05 09:30:00,A,756,624,20
PR04743,M003,P006,2025-07-01 14:45:00,B,356,217,1
PR04744,M020,P015,2025-05-25 08:30:00,C,336,384,18
PR04745,M009,P015,2025-06-14 14:30:00,C,435,396,8
PR04746,M016,P007,2025-10-09 08:30:00,C,644,632,28
PR04747,M011,P001,2025-07-29 06:15:00,C,646,628,34
PR04748,M016,P003,2025-06-24 06:00:00,C,760,591,33
PR04749,M002,P012,2025-11-17 22:15:00,C,786,657,23
PR04750,M001,P004,2025-10-25 08:15:00,B,960,1068,53
PR04751,M018,P003,2025-08-05 19:00:00,C,951,697,15
PR04752,M020,P014,2025-11-04 09:15:00,B,669,504,29
PR04753,M005,P005,2025-02-22 13:30:00,B,529,499,17
PR04754,M013,P004,2025-02-24 13:30:00,C,877,917,34
PR04755,M006,P006,2025-08-08 18:30:00,A,322,306,7
PR04756,M002,P008,2025-02-20 12:00:00,C,657,516,16
PR04757,M010,P014,2025-09-18 04:15:00,C,354,357,6
PR04758,M008,P003,2025-10-24 00:15:00,B,513,556,17
PR04759,M019,P011,2025-10-21 22:15:00,B,585,555,24
PR04760,M010,P007,2025-11-09 19:00:00,B,420,402,6
PR04761,M009,P007,2025-01-21 07:00:00,B,409,269,15
PR04762,M007,P014,2025-10-30 11:00:00,A,384,330,2
PR04763,M019,P005,2025-10-16 23:00:00,A,676,606,17
PR04764,M016,P006,2025-04-22 18:30:00,C,493,479,8
PR04765,M011,P001,2025-05-27 05:30:00,C,694,555,22
PR04766,M003,P008,2025-05-05 00:15:00,C,759,651,8
PR04767,M014,P008,2025-04-15 02:45:00,C,462,422,7
PR04768,M017,P004,2025-11-07 04:30:00,C,970,910,38
PR04769,M017,P015,2025-08-27 04:45:00,C,871,856,46
PR04770,M017,P007,2025-09-27 18:30:00,B,908,639,9
PR04771,M002,P005,2025-03-26 16:45:00,A,791,651,25
PR04772,M013,P006,2025-08-15 12:15:00,A,911,746,29
PR04773,M001,P005,2025-05-25 03:30:00,A,797,631,4
PR04774,M009,P004,2025-12-27 00:45:00,C,404,364,5
PR04775,M013,P004,2025-05-08 14:00:00,B,484,349,7
PR04776,M003,P011,2025-06-12 00:00:00,A,896,743,12
PR04777,M003,P014,2025-01-16 03:30:00,A,823,629,36
PR04778,M009,P010,2025-09-02 01:00:00,A,367,436,19
PR04779,M004,P012,2025-02-17 14:30:00,C,724,811,4
PR04780,M002,P002,2025-08-16 06:45:00,A,518,294,11
PR04781,M020,P014,2025-02-20 21:30:00,A,879,724,43
PR04782,M007,P009,2025-03-23 23:30:00,B,315,393,11
PR04783,M009,P004,2025-06-21 08:45:00,B,712,552,5
PR04784,M018,P012,2025-10-05 23:00:00,A,583,578,6
PR04785,M004,P010,2025-01-17 09:30:00,B,353,254,2
PR04786,M013,P010,2025-11-09 20:45:00,A,359,390,5
PR04787,M017,P014,2025-12-26 08:45:00,B,796,688,13
PR04788,M006,P003,2025-07-12 04:30:00,B,783,696,36
PR04789,M004,P013,2025-07-25 08:00:00,C,696,644,21
PR04790,M016,P002,2025-09-09 10:30:00,A,408,460,6
PR04791,M016,P011,2025-06-03 17:00:00,B,691,518,5
PR04792,M018,P007,2025-07-01 15:00:00,B,870,678,22
PR04793,M020,P015,2025-01-24 08:30:00,B,596,418,19
PR04794,M018,P001,2025-03-16 23:45:00,C,805,904,5
PR04795,M006,P007,2025-06-27 01:00:00,C,636,653,27
PR04796,M014,P012,2025-05-10 19:45:00,C,344,336,6
PR04797,M018,P002,2025-12-07 16:00:00,B,601,468,27
PR04798,M008,P007,2025-12-01 00:00:00,B,739,672,37
PR04799,M014,P012,2025-10-23 15:15:00,A,987,1000,31
PR04800,M003,P006,2025-12-16 01:30:00,A,557,397,12
PR04801,M004,P012,2025-01-15 15:45:00,C,314,254,12
PR04802,M006,P009,2025-10-02 00:00:00,B,759,762,27
PR04803,M002,P007,2025-07-08 11:45:00,B,747,510,16
PR04804,M006,P009,2025-09-07 04:00:00,A,918,845,41
PR04805,M012,P003,2025-06-03 18:00:00,B,565,493,7
PR04806,M014,P014,2025-04-01 23:30:00,B,937,824,14
PR04807,M019,P010,2025-05-24 22:00:00,B,836,849,6
PR04808,M018,P014,2025-05-27 22:45:00,C,943,1009,27
PR04809,M018,P004,2025-01-15 02:15:00,B,987,966,12
PR04810,M016,P014,2025-02-19 23:00:00,C,872,827,11
PR04811,M015,P001,2025-01-20 02:45:00,A,964,801,36
PR04812,M015,P015,2025-07-10 10:30:00,B,937,725,9
PR04813,M013,P015,2025-02-09 13:45:00,C,455,436,11
PR04814,M013,P009,2025-04-09 12:00:00,B,435,471,9
PR04815,M018,P015,2025-04-07 04:00:00,A,933,709,5
PR04816,M015,P014,2025-07-18 19:30:00,A,318,324,12
PR04817,M004,P013,2025-11-29 17:45:00,A,399,382,21
PR04818,M017,P005,2025-01-27 20:00:00,A,747,637,22
PR04819,M011,P014,2025-12-31 18:15:00,C,327,322,14
PR04820,M008,P008,2025-08-01 00:45:00,B,339,303,11
PR04821,M011,P012,2025-11-16 00:30:00,C,589,515,26
PR04822,M017,P010,2025-05-05 01:30:00,A,781,559,18
PR04823,M002,P006,2025-03-23 14:45:00,C,569,488,28
PR04824,M018,P009,2025-01-26 03:30:00,A,802,672,21
PR04825,M001,P008,2025-10-05 09:15:00,A,796,630,21
PR04826,M018,P006,2025-06-26 10:15:00,A,488,382,16
PR04827,M015,P009,2025-06-13 11:00:00,C,419,352,4
PR04828,M020,P012,2025-08-31 21:30:00,C,313,339,4
PR04829,M005,P001,2025-03-03 16:30:00,C,389,342,7
PR04830,M012,P002,2025-01-02 15:30:00,B,947,1009,59
PR04831,M013,P009,2025-08-08 18:15:00,C,521,546,21
PR04832,M007,P001,2025-10-26 08:45:00,C,531,509,26
PR04833,M014,P004,2025-03-19 21:30:00,B,482,468,4
PR04834,M004,P004,2025-01-24 14:00:00,B,452,354,18
PR04835,M019,P004,2025-04-16 19:30:00,B,930,672,33
PR04836,M014,P006,2025-07-19 18:30:00,C,494,398,7
PR04837,M009,P006,2025-12-21 06:00:00,B,973,806,47
PR04838,M004,P015,2025-10-10 03:30:00,B,332,299,11
PR04839,M016,P015,2025-07-15 22:15:00,B,968,1050,37
PR04840,M007,P004,2025-04-27 07:00:00,A,431,365,7
PR04841,M020,P012,2025-12-21 16:15:00,C,406,344,8
PR04842,M010,P004,2025-12-04 04:45:00,C,316,296,2
PR04843,M002,P012,2025-08-11 12:45:00,A,827,726,10
PR04844,M007,P007,2025-08-26 10:45:00,C,818,778,45
PR04845,M005,P004,2025-01-15 11:15:00,A,797,671,23
PR04846,M019,P009,2025-01-23 18:45:00,A,330,265,13
PR04847,M013,P003,2025-05-31 14:45:00,A,351,317,14
PR04848,M006,P009,2025-01-02 18:45:00,C,492,429,15
PR04849,M013,P014,2025-11-29 02:45:00,C,857,905,43
PR04850,M006,P006,2025-12-15 16:00:00,A,463,418,3
PR04851,M015,P010,2025-10-06 21:30:00,A,686,607,29
PR04852,M015,P010,2025-03-22 20:30:00,B,403,371,14
PR04853,M020,P009,2025-01-05 06:00:00,B,342,288,13
PR04854,M009,P015,2025-05-13 08:45:00,C,864,795,45
PR04855,M005,P007,2025-05-07 06:30:00,A,726,744,32
PR04856,M001,P007,2025-04-04 03:15:00,C,371,388,13
PR04857,M010,P004,2025-08-05 23:45:00,C,604,489,18
PR04858,M015,P009,2025-01-13 16:45:00,A,869,606,26
PR04859,M016,P001,2025-11-25 10:15:00,B,749,506,17
PR04860,M008,P011,2025-02-11 10:30:00,C,798,765,31
PR04861,M011,P007,2025-08-14 06:00:00,A,590,616,19
PR04862,M016,P009,2025-05-19 15:30:00,A,558,448,23
PR04863,M017,P005,2025-08-19 07:00:00,A,660,603,7
PR04864,M004,P006,2025-08-14 16:30:00,B,710,552,3
PR04865,M011,P014,2025-08-18 09:45:00,B,695,491,16
PR04866,M010,P003,2025-06-25 20:15:00,B,623,619,26
PR04867,M015,P003,2025-06-21 17:45:00,A,711,593,5
PR04868,M011,P013,2025-08-04 15:30:00,B,344,272,2
PR04869,M017,P004,2025-02-23 07:15:00,A,748,772,32
PR04870,M013,P003,2025-11-12 04:15:00,A,849,795,30
PR04871,M014,P002,2025-07-03 20:30:00,A,733,698,19
PR04872,M002,P009,2025-04-27 11:45:00,B,681,590,24
PR04873,M012,P001,2025-04-13 15:00:00,C,612,592,19
PR04874,M010,P014,2025-07-24 01:00:00,B,379,276,8
PR04875,M001,P001,2025-11-22 01:45:00,C,377,319,17
PR04876,M011,P005,2025-02-24 13:45:00,B,664,633,24
PR04877,M013,P003,2025-06-09 23:15:00,C,339,209,4
PR04878,M001,P015,2025-09-09 23:30:00,C,966,943,46
PR04879,M007,P001,2025-06-11 05:15:00,B,648,582,31
PR04880,M013,P010,2025-04-12 05:00:00,A,721,764,20
PR04881,M004,P014,2025-01-24 23:45:00,B,360,325,18
PR04882,M001,P007,2025-02-17 06:30:00,B,300,253,6
PR04883,M010,P013,2025-04-01 04:45:00,C,730,763,28
PR04884,M002,P014,2025-07-31 10:15:00,B,741,743,41
PR04885,M006,P009,2025-04-09 09:45:00,B,802,770,21
PR04886,M018,P009,2025-12-25 18:30:00,C,496,500,30
PR04887,M006,P001,2025-09-13 10:30:00,B,913,794,29
PR04888,M017,P012,2025-02-05 21:30:00,A,630,461,22
PR04889,M008,P011,2025-04-27 01:00:00,A,708,741,41
PR04890,M008,P004,2025-11-05 15:45:00,C,585,508,24
PR04891,M010,P015,2025-03-16 18:30:00,C,653,546,30
PR04892,M013,P012,2025-01-28 09:45:00,B,765,573,23
PR04893,M014,P008,2025-11-14 15:15:00,C,822,657,32
PR04894,M010,P005,2025-12-04 02:00:00,A,332,294,9
PR04895,M005,P009,2025-11-11 16:15:00,A,892,871,11
PR04896,M006,P005,2025-08-05 11:30:00,C,918,836,40
PR04897,M017,P012,2025-10-31 02:00:00,B,650,574,6
PR04898,M005,P013,2025-04-28 08:30:00,A,687,590,7
PR04899,M001,P007,2025-05-27 06:30:00,C,581,467,16
PR04900,M008,P006,2025-04-21 02:15:00,B,905,719,29
PR04901,M004,P003,2025-10-04 23:30:00,C,633,596,26
PR04902,M005,P002,2025-03-25 02:00:00,C,373,269,6
PR04903,M015,P011,2025-09-19 02:30:00,B,562,413,15
PR04904,M020,P006,2025-01-27 15:00:00,C,678,698,21
PR04905,M009,P012,2025-01-11 20:45:00,C,433,379,6
PR04906,M016,P010,2025-04-14 04:45:00,C,642,604,3
PR04907,M008,P008,2025-01-27 08:45:00,C,341,260,13
PR04908,M007,P010,2025-09-22 15:45:00,C,979,778,34
PR04909,M009,P002,2025-11-15 13:15:00,C,698,678,17
PR04910,M019,P003,2025-10-28 17:15:00,C,819,886,26
PR04911,M020,P012,2025-03-26 12:15:00,C,919,599,6
PR04912,M016,P002,2025-06-10 05:45:00,B,590,558,27
PR04913,M008,P002,2025-11-26 10:15:00,C,497,575,21
PR04914,M003,P010,2025-04-20 20:30:00,B,806,698,18
PR04915,M002,P003,2025-02-18 14:45:00,B,669,673,33
PR04916,M017,P011,2025-09-28 13:30:00,B,978,968,35
PR04917,M002,P014,2025-01-29 00:30:00,C,423,425,23
PR04918,M007,P015,2025-08-04 06:00:00,B,928,893,21
PR04919,M006,P012,2025-07-16 19:15:00,B,474,421,21
PR04920,M020,P008,2025-05-27 21:45:00,B,491,394,22
PR04921,M005,P014,2025-04-10 02:00:00,C,656,507,18
PR04922,M010,P014,2025-01-14 14:30:00,C,756,770,35
PR04923,M019,P013,2025-06-03 08:30:00,C,417,342,8
PR04924,M019,P015,2025-07-16 05:30:00,C,985,761,15
PR04925,M014,P009,2025-03-14 15:45:00,B,980,690,12
PR04926,M018,P003,2025-01-03 20:45:00,B,360,355,4
PR04927,M001,P008,2025-02-15 20:00:00,B,331,386,12
PR04928,M014,P015,2025-10-24 03:30:00,A,584,618,16
PR04929,M002,P012,2025-11-14 13:45:00,B,770,771,34
PR04930,M012,P006,2025-05-01 08:00:00,B,383,188,3
PR04931,M013,P006,2025-07-13 22:30:00,C,772,696,36
PR04932,M010,P002,2025-08-23 06:15:00,A,902,802,25
PR04933,M008,P004,2025-06-22 00:45:00,A,832,754,34
PR04934,M001,P014,2025-11-10 09:45:00,B,490,381,17
PR04935,M001,P006,2025-02-20 12:30:00,A,525,558,28
PR04936,M014,P003,2025-06-01 05:00:00,C,802,767,7
PR04937,M014,P007,2025-04-14 01:45:00,A,414,366,19
PR04938,M002,P006,2025-07-23 19:00:00,C,525,466,25
PR04939,M015,P010,2025-01-31 08:00:00,B,422,401,17
PR04940,M015,P001,2025-12-12 06:00:00,C,908,800,17
PR04941,M005,P010,2025-11-15 12:00:00,C,862,715,38
PR04942,M015,P014,2025-04-23 00:45:00,C,854,730,32
PR04943,M013,P009,2025-10-04 16:15:00,C,562,515,31
PR04944,M008,P001,2025-08-09 05:45:00,A,559,601,9
PR04945,M012,P001,2025-10-19 22:45:00,A,366,379,14
PR04946,M003,P002,2025-04-10 06:45:00,B,763,849,38
PR04947,M013,P005,2025-07-15 14:00:00,C,583,447,26
PR04948,M002,P010,2025-11-25 03:15:00,B,760,605,29
PR04949,M014,P011,2025-12-10 20:15:00,A,979,994,55
PR04950,M020,P002,2025-08-29 17:00:00,B,528,419,17
PR04951,M015,P010,2025-02-24 16:00:00,A,547,462,9
PR04952,M012,P011,2025-06-05 13:30:00,C,588,546,5
PR04953,M019,P015,2025-02-03 10:00:00,A,919,856,28
PR04954,M018,P010,2025-12-27 20:00:00,A,937,953,13
PR04955,M010,P005,2025-01-11 19:45:00,A,994,664,6
PR04956,M015,P011,2025-08-08 20:45:00,A,698,564,18
PR04957,M011,P012,2025-11-08 08:15:00,C,302,269,16
PR04958,M020,P011,2025-06-26 17:15:00,B,586,624,4
PR04959,M003,P006,2025-09-06 22:30:00,A,795,632,5
PR04960,M014,P003,2025-09-24 13:00:00,A,758,641,23
PR04961,M009,P010,2025-12-18 09:30:00,B,948,956,10
PR04962,M003,P001,2025-09-17 06:15:00,A,671,526,19
PR04963,M016,P012,2025-07-26 07:15:00,B,568,651,19
PR04964,M014,P009,2025-01-29 17:30:00,A,891,653,28
PR04965,M003,P004,2025-05-01 19:30:00,C,679,544,26
PR04966,M016,P007,2025-11-21 00:00:00,C,423,327,17
PR04967,M008,P003,2025-05-22 03:30:00,A,405,251,15
PR04968,M008,P002,2025-08-29 11:00:00,B,816,789,30
PR04969,M005,P002,2025-06-13 05:30:00,C,453,433,8
PR04970,M011,P007,2025-04-15 18:30:00,A,794,779,42
PR04971,M011,P013,2025-10-10 00:45:00,B,502,518,23
PR04972,M002,P008,2025-09-25 01:30:00,C,830,653,35
PR04973,M007,P014,2025-10-05 05:45:00,C,491,396,6
PR04974,M017,P008,2025-08-20 00:45:00,C,461,467,12
PR04975,M014,P003,2025-04-22 12:00:00,A,836,609,26
PR04976,M001,P002,2025-12-28 21:00:00,A,718,789,20
PR04977,M010,P013,2025-07-09 06:15:00,A,951,1005,17
PR04978,M018,P009,2025-05-27 14:45:00,C,645,536,28
PR04979,M016,P001,2025-12-12 13:15:00,C,799,704,26
PR04980,M019,P009,2025-01-16 22:30:00,C,554,491,17
PR04981,M011,P008,2025-02-08 05:15:00,C,970,980,38
PR04982,M004,P003,2025-07-06 06:45:00,C,698,621,13
PR04983,M009,P013,2025-06-17 12:15:00,B,473,297,5
PR04984,M013,P002,2025-05-12 21:30:00,A,434,386,17
PR04985,M014,P010,2025-09-23 01:45:00,C,376,372,21
PR04986,M017,P004,2025-11-30 06:30:00,C,648,461,26
PR04987,M001,P005,2025-03-19 19:15:00,C,372,361,16
PR04988,M002,P004,2025-04-05 15:30:00,B,807,805,9
PR04989,M006,P006,2025-11-30 06:00:00,C,668,528,25
PR04990,M011,P003,2025-01-18 21:45:00,C,928,844,11
PR04991,M013,P013,2025-09-28 17:00:00,A,993,1020,48
PR04992,M006,P015,2025-09-26 02:00:00,A,303,256,5
PR04993,M018,P011,2025-12-27 12:00:00,C,550,543,22
PR04994,M004,P014,2025-05-27 08:30:00,A,514,523,17
PR04995,M003,P012,2025-03-30 13:45:00,C,807,840,48
PR04996,M008,P001,2025-02-08 21:00:00,C,611,535,29
PR04997,M004,P009,2025-08-29 18:45:00,A,637,639,12
PR04998,M015,P003,2025-10-12 01:00:00,C,838,898,28
PR04999,M010,P007,2025-02-16 22:15:00,A,407,343,15
PR05000,M017,P002,2025-04-22 01:15:00,B,517,385,3
